FIPS,State,Year,zillow_value,County,X..Fair.Poor,Physically.Unhealthy.Days,Mentally.Unhealthy.Days,X..Smokers,X..Obese,X..Physically.Inactive,X..Excessive.Drinking,X..Some.College,Population.1,X..Some.College.1,X..Social.Associations,Association.Rate,X..Severe.Housing.Problems,X..Insufficient.Sleep,cluster
2020,AK,2021,344423.7324,Anchorage,14,3.7,3.9,17,30,17,18,64223,89255,72.0,332,11.4,17,65367,18
1001,AL,2021,202271.0579,Autauga,20,4.5,4.9,20,33,31,14,8689,14362,60.0,68,12.2,14,15682,8
1003,AL,2021,316701.4659,Baldwin,16,3.6,4.8,19,30,25,19,33404,49776,67.0,229,10.5,13,60896,70
1043,AL,2021,204269.3548,Cullman,22,4.9,5.2,23,36,34,15,10879,20469,53.0,94,11.3,12,23216,53
1047,AL,2021,77347.41347,Dallas,30,5.3,5.4,25,42,33,12,4658,8954,52.0,48,12.5,19,9441,28
1049,AL,2021,171246.7053,DeKalb,27,5.5,5.9,25,30,33,13,7954,17400,46.0,62,8.7,11,18627,50
1081,AL,2021,255890.2993,Lee,20,4.6,5.1,19,31,20,17,31546,42520,74.0,132,8.1,19,37111,44
1089,AL,2021,256499.9503,Madison,18,3.8,4.4,17,34,24,15,69477,94366,74.0,392,10.7,12,99046,0
1097,AL,2021,156846.1656,Mobile,21,4.6,4.9,21,38,29,17,63216,107086,59.0,470,11.4,16,100853,8
1101,AL,2021,124115.354,Montgomery,23,4.7,4.9,20,37,29,13,38840,61227,63.0,336,14.9,18,52265,40
1121,AL,2021,162096.5392,Talladega,27,5.5,5.6,24,39,37,13,10286,19732,52.0,105,13.2,12,22382,1
1125,AL,2021,195100.3944,Tuscaloosa,21,4.4,5.0,20,36,28,15,35588,55183,64.0,223,10.7,16,46191,8
1127,AL,2021,171312.3209,Walker,24,5.1,6.0,25,39,32,14,7815,15009,52.0,91,14.3,12,19327,1
5001,AR,2021,119677.865,Arkansas,28,5.5,5.1,25,35,39,15,2289,4132,55.0,23,12.9,10,4883,1
5003,AR,2021,84188.36485,Ashley,28,5.6,5.4,26,42,45,16,2175,4316,50.0,29,14.5,13,6010,75
5005,AR,2021,180103.3911,Baxter,21,4.7,4.9,24,31,30,18,4786,7816,61.0,41,9.9,10,14038,72
5007,AR,2021,264102.1186,Benton,20,4.3,4.4,19,31,23,19,48470,77153,63.0,229,8.4,11,64742,70
5009,AR,2021,160813.74,Boone,24,5.1,5.0,25,29,32,17,5304,8730,61.0,43,11.5,12,10793,79
5015,AR,2021,203759.5527,Carroll,24,5.0,4.8,22,30,34,17,2589,5868,44.0,38,13.5,16,8436,29
5019,AR,2021,123582.5087,Clark,23,4.8,5.0,21,26,39,15,2779,4462,62.0,32,14.5,13,4859,79
5021,AR,2021,85237.32238,Clay,27,5.7,5.6,28,37,35,17,1741,3399,51.0,21,14.1,13,4344,1
5023,AR,2021,200069.3413,Cleburne,23,5.0,5.1,25,34,33,18,2124,5107,42.0,36,14.4,10,8110,53
5027,AR,2021,133689.4203,Columbia,27,5.3,5.2,25,44,37,14,2880,5130,56.0,34,14.4,14,6029,75
5029,AR,2021,134114.4098,Conway,25,5.1,5.4,25,40,34,17,2508,4757,53.0,29,13.9,12,5590,36
5031,AR,2021,172021.4227,Craighead,23,5.0,5.2,22,39,33,15,18783,30380,62.0,95,8.8,15,23623,62
5033,AR,2021,163677.5677,Crawford,24,5.4,5.2,24,39,29,16,8339,15518,54.0,46,7.3,12,18211,62
5035,AR,2021,133517.971,Crittenden,30,5.7,5.6,24,37,39,13,6772,12203,55.0,45,9.3,18,10956,56
5037,AR,2021,115714.2294,Cross,27,5.4,5.3,26,42,37,16,2050,4010,51.0,32,19.2,12,4447,75
5041,AR,2021,82541.78941,Desha,33,6.2,5.5,28,48,35,13,1196,2607,46.0,19,16.5,13,3199,75
5043,AR,2021,141498.3906,Drew,25,5.1,5.2,24,35,32,15,2774,4176,66.0,20,10.9,13,4845,57
5045,AR,2021,202785.5213,Faulkner,21,4.8,5.0,21,37,27,17,22063,33033,67.0,115,9.2,16,27776,8
5051,AR,2021,191989.437,Garland,23,5.2,5.2,23,29,29,17,13679,22217,62.0,111,11.2,16,27270,79
5055,AR,2021,155878.5707,Greene,24,5.0,5.2,25,38,35,17,5839,11582,50.0,50,11.0,11,11561,53
5059,AR,2021,135121.7717,Hot Spring,24,5.1,5.3,25,35,31,17,4659,8844,53.0,35,10.4,13,9809,57
5061,AR,2021,130681.9691,Howard,28,5.5,5.2,25,43,42,15,1684,3100,54.0,17,12.7,12,3545,75
5063,AR,2021,139672.8751,Independence,24,5.0,4.9,25,30,33,16,4977,8862,56.0,49,13.0,13,10261,79
5069,AR,2021,82445.44062,Jefferson,28,5.5,5.0,25,43,33,13,8424,17192,49.0,89,13.1,16,16644,28
5075,AR,2021,103093.6407,Lawrence,25,5.4,5.2,26,38,27,17,2176,3741,58.0,15,9.1,10,4351,62
5085,AR,2021,181708.9201,Lonoke,21,4.9,5.1,22,41,31,18,12030,20663,58.0,59,8.0,13,18624,62
5087,AR,2021,191209.1032,Madison,28,5.5,5.4,26,31,30,17,1361,3559,38.0,7,4.2,10,4899,63
5091,AR,2021,148440.2885,Miller,26,5.3,5.3,25,39,32,16,6342,11170,57.0,45,10.3,15,10619,57
5093,AR,2021,104446.568,Mississippi,30,6.2,5.5,27,43,36,14,4893,10599,46.0,49,11.9,16,9237,37
5097,AR,2021,149334.4509,Montgomery,26,5.4,5.5,27,24,27,18,698,1679,42.0,5,5.6,12,3053,31
5105,AR,2021,126690.2182,Perry,26,5.5,5.4,25,36,30,17,1335,2254,59.0,9,8.7,8,2804,62
5111,AR,2021,101937.2382,Poinsett,28,6.0,5.9,28,41,33,16,2568,5722,45.0,25,10.4,15,5994,37
5113,AR,2021,138435.8632,Polk,27,5.7,5.5,25,36,30,16,2296,4333,53.0,27,13.5,17,6321,57
5115,AR,2021,166962.3834,Pope,25,5.1,5.0,23,35,29,16,8043,15252,53.0,88,13.8,14,15563,36
5119,AR,2021,171237.5407,Pulaski,23,4.6,4.5,19,34,27,18,74748,108587,69.0,618,15.7,16,92938,74
5123,AR,2021,74721.96943,Saline,19,4.2,4.6,20,30,26,17,21411,31664,68.0,88,7.2,10,34419,72
5125,AR,2021,209001.2742,Scott,30,5.9,5.7,28,38,38,15,994,2220,45.0,10,9.7,11,2910,56
5127,AR,2021,126833.8863,Searcy,27,5.7,5.5,28,25,30,16,771,1569,49.0,5,6.3,13,2460,31
5129,AR,2021,130437.7093,Sebastian,26,5.3,5.0,24,35,31,14,17673,32484,54.0,132,10.3,16,30130,57
5131,AR,2021,158255.5851,Sevier,30,5.6,5.2,25,33,36,15,1651,4229,39.0,13,7.6,17,4201,19
5135,AR,2021,126274.2643,St. Francis,31,5.8,5.3,27,48,31,16,3354,7255,46.0,25,9.8,16,5139,28
5141,AR,2021,127340.1287,Van Buren,26,5.4,5.5,26,37,28,17,1315,3209,41.0,20,12.0,12,5352,83
5143,AR,2021,251808.6702,Washington,23,4.4,4.8,21,32,26,18,41772,65602,64.0,200,8.4,16,45928,8
5145,AR,2021,155443.5177,White,23,5.0,5.1,24,33,35,17,9501,18610,51.0,80,10.2,13,19195,53
4005,AZ,2021,486645.9756,Coconino,18,4.3,4.6,17,25,17,20,24545,34814,71.0,132,9.2,25,28962,78
4007,AZ,2021,307864.5203,Gila,22,5.1,5.0,23,31,27,20,5045,9809,51.0,49,9.1,16,16581,42
4009,AZ,2021,234352.2677,Graham,22,4.8,4.6,20,34,23,19,5859,10527,56.0,19,5.0,16,7741,69
4013,AZ,2021,395083.7064,Maricopa,18,4.3,4.0,15,27,20,19,785091,1195102,66.0,2333,5.3,18,965292,12
4015,AZ,2021,315747.7481,Mohave,23,5.0,4.8,25,31,32,21,19151,40026,48.0,114,5.4,17,60192,77
4017,AZ,2021,319212.9969,Navajo,27,5.7,5.0,23,33,27,16,12762,24980,51.0,75,6.8,24,24067,73
4019,AZ,2021,287343.0001,Pima,18,4.3,4.5,17,25,19,20,164672,247049,67.0,650,6.3,19,255677,4
4021,AZ,2021,326334.6867,Pinal,22,5.0,4.6,19,34,28,19,61734,113993,54.0,153,3.4,15,108402,69
4023,AZ,2021,219989.7311,Santa Cruz,28,4.6,4.2,16,30,18,17,5348,10168,53.0,22,4.7,22,10725,73
4025,AZ,2021,424883.0993,Yavapai,17,4.3,4.4,18,24,23,22,24541,40871,60.0,197,8.5,18,70821,26
6001,CA,2021,996514.0405,Alameda,15,3.8,4.0,11,22,15,18,398956,524249,76.0,1086,6.5,23,308891,34
6013,CA,2021,761272.7837,Contra Costa,15,3.8,4.1,11,25,16,18,214639,298402,72.0,637,5.5,20,260244,52
6017,CA,2021,608202.5586,El Dorado,13,3.7,4.1,13,26,18,24,27900,40170,69.0,107,5.6,18,53750,9
6019,CA,2021,327759.804,Fresno,25,4.7,4.7,16,33,23,19,152009,273243,56.0,526,5.3,27,164124,21
6029,CA,2021,281207.286,Kern,27,5.3,4.7,17,31,25,19,117553,249672,47.0,408,4.5,24,157554,21
6037,CA,2021,744708.8045,Los Angeles,21,4.3,4.3,13,22,17,18,1919317,3003060,64.0,5843,5.8,33,1519516,6
6041,CA,2021,1324891.036,Marin,12,3.3,3.6,10,18,13,23,41185,53537,77.0,244,9.4,22,67115,82
6053,CA,2021,703690.1309,Monterey,24,4.6,4.4,14,25,19,19,56161,119022,47.0,222,5.1,29,64900,67
6055,CA,2021,807463.9563,Napa,16,3.7,4.0,12,24,18,23,22706,34772,65.0,111,8.0,22,31276,43
6059,CA,2021,845752.5789,Orange,17,4.0,3.8,11,20,15,19,611779,868512,70.0,1991,6.2,27,595272,24
6061,CA,2021,626216.5676,Placer,13,3.7,3.8,12,20,14,24,72310,91996,79.0,297,7.6,18,102650,9
6065,CA,2021,486515.1072,Riverside,20,4.7,4.4,14,28,20,18,358937,643198,56.0,967,3.9,25,480944,3
6067,CA,2021,476943.6103,Sacramento,18,4.2,4.5,14,30,20,20,294206,439976,67.0,1130,7.3,22,306324,13
6071,CA,2021,443403.0027,San Bernardino,24,5.0,4.5,15,31,22,19,337188,601637,56.0,977,4.5,26,380281,3
6073,CA,2021,731104.6795,San Diego,16,3.9,4.0,13,20,15,21,716606,987139,73.0,1964,5.9,25,600104,24
6075,CA,2021,1370454.251,San Francisco,13,3.2,3.9,11,17,15,25,300790,343487,88.0,768,8.7,24,136239,10
6077,CA,2021,478479.555,San Joaquin,22,4.7,4.4,15,36,26,18,102177,199604,51.0,360,4.8,24,129419,21
6079,CA,2021,721777.8519,San Luis Obispo,15,4.0,4.5,14,29,16,24,44495,63374,70.0,262,9.2,22,65248,43
6081,CA,2021,1464281.478,San Mateo,13,3.4,3.6,10,23,16,21,176767,223555,79.0,443,5.8,23,158543,10
6083,CA,2021,738023.0415,Santa Barbara,19,4.2,4.3,13,24,14,20,65988,109552,60.0,347,7.8,29,75945,43
6085,CA,2021,1310610.799,Santa Clara,14,3.7,3.4,10,20,16,17,465219,589170,79.0,1140,5.9,23,361105,34
6087,CA,2021,1011594.767,Santa Cruz,16,4.0,4.3,13,19,11,22,44379,65544,68.0,192,7.0,27,57561,43
6089,CA,2021,336866.7476,Shasta,17,4.6,4.8,17,27,17,21,29179,42430,69.0,146,8.1,23,45548,78
6095,CA,2021,538575.9837,Solano,17,4.0,4.2,14,29,22,20,76976,119808,64.0,241,5.4,21,92149,18
6097,CA,2021,724257.8349,Sonoma,15,4.0,4.3,13,24,16,24,84914,126625,67.0,347,6.9,23,116393,43
6099,CA,2021,403311.4052,Stanislaus,22,4.8,4.8,16,32,23,19,78858,147242,54.0,316,5.7,24,100576,21
6107,CA,2021,286929.8335,Tulare,28,5.2,4.8,18,37,26,17,58998,123228,48.0,228,4.9,27,78866,21
6111,CA,2021,724596.7518,Ventura,18,4.2,4.2,12,20,18,19,140864,217956,65.0,519,6.1,23,171174,30
6113,CA,2021,550260.4246,Yolo,18,4.1,4.3,14,24,15,20,38645,55217,70.0,141,6.4,24,38315,78
8001,CO,2021,436575.0538,Adams,18,3.9,4.0,18,29,19,20,89845,156220,58.0,244,4.8,18,110208,18
8003,CO,2021,238199.4217,Alamosa,22,4.5,4.4,19,31,21,18,2469,4079,61.0,16,9.6,19,3562,44
8005,CO,2021,470983.8795,Arapahoe,14,3.3,3.8,15,23,16,19,137968,192275,72.0,530,8.1,16,152635,84
8013,CO,2021,641122.3737,Boulder,11,3.0,3.6,13,14,9,21,71538,85456,84.0,304,9.3,19,79273,27
8031,CO,2021,507538.0855,Denver,16,3.4,3.8,15,17,13,25,209175,274820,76.0,785,11.0,19,150382,23
8035,CO,2021,620051.5722,Douglas,9,2.6,3.1,11,20,9,21,76612,87398,88.0,214,6.2,10,95344,41
8037,CO,2021,930086.3796,Eagle,13,3.0,3.5,13,16,12,23,12302,17326,71.0,45,8.2,18,12680,27
8041,CO,2021,406432.428,Elbert,12,3.1,3.4,15,25,17,22,3871,5123,76.0,12,4.6,12,8354,81
8039,CO,2021,604807.8731,El Paso,14,3.5,3.7,15,23,16,17,149255,198915,75.0,622,8.7,16,164677,52
8045,CO,2021,513387.4504,Garfield,15,3.5,3.8,17,25,17,20,9157,16458,56.0,57,9.5,19,14374,18
8049,CO,2021,646297.8159,Grand,13,3.4,3.7,17,18,14,23,2559,4186,61.0,22,14.2,17,4028,27
8051,CO,2021,575739.3838,Gunnison,12,3.3,3.6,15,14,12,23,3535,4384,81.0,26,15.1,22,4065,27
8059,CO,2021,545347.4415,Jefferson,12,3.3,3.7,15,21,13,23,125066,161161,78.0,455,7.8,14,164186,9
8069,CO,2021,476541.3373,Larimer,11,3.2,3.9,15,21,12,23,73130,92440,79.0,331,9.4,17,89118,9
8071,CO,2021,201091.053,Las Animas,20,4.1,4.0,19,32,27,19,1789,3255,55.0,12,8.3,17,4494,15
8075,CO,2021,214570.9328,Logan,18,4.1,4.1,19,36,22,20,3291,5584,59.0,21,9.8,15,5476,15
8077,CO,2021,332411.9193,Mesa,16,3.9,4.3,19,26,15,20,23653,37924,62.0,136,8.9,17,42093,26
8081,CO,2021,219114.1511,Moffat,17,3.9,4.2,20,20,21,21,1741,3539,49.0,8,6.1,12,3475,47
8083,CO,2021,324543.1291,Montezuma,18,4.3,4.2,20,28,20,21,3335,5458,61.0,27,10.3,15,7683,25
8085,CO,2021,344329.1831,Montrose,17,4.0,4.3,19,20,19,20,4941,8804,56.0,39,9.2,19,12455,26
8093,CO,2021,453514.9111,Park,12,3.1,3.6,16,19,17,22,2408,3826,63.0,8,4.3,13,5988,81
8097,CO,2021,1738679.596,Pitkin,10,2.7,3.2,12,15,12,24,4168,5028,83.0,33,18.4,16,4851,38
8099,CO,2021,131743.842,Prowers,20,4.2,4.3,19,36,21,18,1559,2672,58.0,12,9.9,13,3198,15
8101,CO,2021,260212.4063,Pueblo,20,4.2,4.4,20,31,23,18,25453,41093,62.0,137,8.2,18,41589,44
8105,CO,2021,225859.3178,Rio Grande,19,4.0,3.9,18,29,23,18,1520,2565,59.0,20,17.8,16,3049,65
8107,CO,2021,795779.2619,Routt,11,3.1,3.6,14,16,10,24,5730,7402,77.0,35,13.6,19,6837,27
8113,CO,2021,1175473.108,San Miguel,11,3.0,3.4,13,16,16,22,2043,2519,81.0,4,4.9,28,2166,82
8119,CO,2021,416939.575,Teller,12,3.3,3.8,17,23,15,22,3768,4849,78.0,30,12.0,14,8451,81
8123,CO,2021,441564.212,Weld,15,3.6,4.0,17,29,19,19,55437,87765,63.0,194,6.2,15,76321,18
9001,CT,2021,483362.5885,Fairfield,12,3.2,3.6,12,21,17,22,160807,225726,71.0,892,9.5,21,228111,23
9003,CT,2021,258663.4867,Hartford,14,3.4,3.9,14,27,21,19,159302,227077,70.0,915,10.2,17,224640,84
9005,CT,2021,295801.0802,Litchfield,11,3.2,3.9,15,27,19,21,25653,37734,68.0,178,9.8,14,56714,68
9007,CT,2021,319224.6008,Middlesex,11,3.2,4.0,13,27,18,23,27199,36278,75.0,171,10.5,14,49235,9
9009,CT,2021,277176.0843,New Haven,15,3.8,4.2,16,29,22,20,141762,215020,66.0,692,8.1,19,204451,84
9011,CT,2021,293768.7975,New London,14,3.6,4.2,16,30,21,22,43284,64418,67.0,256,9.6,15,71566,25
9013,CT,2021,280758.1763,Tolland,11,3.2,3.9,14,26,18,20,24025,31774,76.0,112,7.4,13,39960,81
9015,CT,2021,266810.1079,Windham,15,3.8,4.1,16,31,24,19,17450,28454,61.0,108,9.2,15,31004,25
11001,DC,2021,629925.5705,District of Columbia,15,3.3,4.2,15,24,17,23,215467,264173,82.0,2029,28.9,21,118367,59
10003,DE,2021,288892.5794,New Castle,17,3.7,4.3,18,30,25,19,95354,149208,64.0,600,10.7,14,139747,0
10005,DE,2021,406571.3924,Sussex,19,4.3,4.3,19,33,31,20,25048,44610,56.0,234,10.2,14,73597,15
12001,FL,2021,244570.5388,Alachua,18,4.2,4.9,18,27,23,21,53190,69984,76.0,247,9.1,21,53913,26
12005,FL,2021,277336.0368,Bay,21,4.9,5.3,22,30,31,19,29870,47882,62.0,150,8.1,16,46488,77
12007,FL,2021,179189.0428,Bradford,25,5.3,5.4,27,37,35,18,2968,7911,38.0,30,10.8,14,6316,5
12009,FL,2021,277511.4051,Brevard,19,4.5,5.0,20,29,27,21,84288,125909,67.0,437,7.3,15,171269,35
12011,FL,2021,323324.9995,Broward,20,3.9,4.3,17,25,24,19,348275,517574,67.0,1089,5.6,24,428682,13
12015,FL,2021,274148.9633,Charlotte,18,4.5,4.9,21,28,26,20,14083,27118,52.0,110,5.9,16,61262,47
12017,FL,2021,216390.7641,Citrus,20,4.8,5.3,23,29,36,21,10876,23174,47.0,115,7.8,14,52144,77
12019,FL,2021,270599.9413,Clay,19,4.4,4.8,20,33,30,22,35631,53708,66.0,153,7.1,14,55746,46
12021,FL,2021,423831.6426,Collier,18,3.4,4.1,16,22,23,22,36481,71707,51.0,280,7.4,20,104852,26
12023,FL,2021,199556.505,Columbia,23,4.7,5.1,25,37,37,19,8595,17040,50.0,54,7.7,15,17953,77
12027,FL,2021,187906.5614,DeSoto,29,5.3,5.2,26,31,36,20,2101,9726,22.0,29,7.7,17,8418,19
12029,FL,2021,164728.8845,Dixie,27,5.7,5.8,31,33,43,19,1219,3889,31.0,12,7.2,14,5111,5
12031,FL,2021,242484.2063,Duval,20,4.4,4.8,19,32,27,18,178773,272789,66.0,836,8.8,18,203977,74
12033,FL,2021,220557.4748,Escambia,19,4.3,4.8,20,29,29,20,53810,79916,67.0,286,9.1,13,74504,70
12035,FL,2021,300779.5135,Flagler,19,4.2,4.9,20,27,26,21,12091,20476,59.0,66,5.9,15,32008,47
12037,FL,2021,367290.3859,Franklin,24,4.8,5.1,26,34,31,24,1118,3078,36.0,16,13.6,15,3317,11
12041,FL,2021,223071.8587,Gilchrist,24,5.3,5.4,26,38,35,19,1636,3800,43.0,11,6.0,12,5368,5
12043,FL,2021,181118.5844,Glades,27,5.3,4.9,26,39,35,20,884,3054,29.0,6,4.4,17,3743,19
12045,FL,2021,301451.2053,Gulf,21,4.3,4.7,24,33,32,21,1901,4179,45.0,17,10.5,16,4271,77
12047,FL,2021,139032.8168,Hamilton,28,5.1,5.1,28,40,37,19,992,3984,25.0,9,6.3,15,2976,19
12049,FL,2021,156872.2957,Hardee,32,5.7,5.4,24,40,36,16,1797,6993,26.0,31,11.4,16,5105,19
12051,FL,2021,188654.8056,Hendry,32,5.4,5.1,24,35,35,18,3350,10551,32.0,32,7.7,21,8185,19
12053,FL,2021,233174.4845,Hernando,21,4.5,5.2,23,32,31,19,21070,37880,56.0,113,5.9,14,58814,77
12057,FL,2021,292171.6265,Hillsborough,20,4.0,4.5,18,26,23,19,270729,411674,66.0,999,7.0,19,308217,13
12061,FL,2021,285999.2206,Indian River,19,4.1,4.7,21,27,26,22,14671,27402,54.0,147,9.3,15,46440,47
12067,FL,2021,197610.9804,Lafayette,28,5.4,5.3,27,34,33,18,904,2557,35.0,13,14.9,15,1835,17
12069,FL,2021,284050.3722,Lake,20,4.5,5.0,19,31,28,19,45545,74689,61.0,281,7.9,15,100010,35
12071,FL,2021,292912.2055,Lee,20,4.2,4.4,19,25,25,23,84386,156692,54.0,465,6.2,18,199589,35
12073,FL,2021,235147.5847,Leon,17,3.9,4.8,19,31,22,20,57227,73235,78.0,383,13.1,20,60192,26
12075,FL,2021,218908.7699,Levy,24,5.2,5.6,25,33,37,17,3896,8403,46.0,30,7.4,14,12717,5
12079,FL,2021,157379.3978,Madison,28,5.2,5.4,27,36,33,17,1932,4828,40.0,23,12.4,20,4986,19
12081,FL,2021,337307.9495,Manatee,18,4.0,4.3,19,26,25,23,46292,79910,58.0,296,7.5,16,105902,47
12085,FL,2021,353539.0155,Martin,16,3.9,4.6,19,20,23,25,18043,29047,62.0,150,9.3,17,50361,26
12086,FL,2021,365531.4055,Miami-Dade,24,4.2,4.1,16,22,23,19,472467,757429,62.0,1340,4.9,30,451932,3
12089,FL,2021,365331.9005,Nassau,17,4.1,4.6,20,30,24,24,11514,19164,60.0,94,11.0,13,26081,2
12093,FL,2021,196568.3916,Okeechobee,28,5.5,5.3,26,34,37,18,3659,10108,36.0,30,7.2,14,10033,19
12095,FL,2021,307864.8833,Orange,20,3.9,4.6,16,27,24,18,289427,418809,69.0,970,7.0,21,255793,13
12097,FL,2021,287282.448,Osceola,24,4.5,4.6,17,32,29,17,61561,101585,61.0,160,4.3,22,63554,49
12099,FL,2021,352996.8719,Palm Beach,19,4.2,4.3,17,22,27,22,222030,342976,65.0,941,6.3,22,381611,13
12101,FL,2021,266399.2684,Pasco,20,4.6,5.2,21,31,30,22,76037,121714,62.0,290,5.4,15,147225,35
12103,FL,2021,307189.805,Pinellas,18,3.8,4.5,20,27,23,24,147751,221364,67.0,712,7.3,18,273128,4
12105,FL,2021,241913.3509,Polk,22,4.7,4.9,21,37,29,18,89031,169474,53.0,532,7.5,17,162088,35
12109,FL,2021,402077.2094,Santa Rosa,18,4.4,5.0,21,31,29,23,31796,46366,69.0,135,7.5,13,48252,47
12111,FL,2021,284376.0199,Sarasota,16,4.0,4.6,18,21,23,26,42933,70857,61.0,369,8.6,16,137028,4
12113,FL,2021,283664.2581,Seminole,17,3.6,4.3,16,26,22,21,101457,129973,78.0,316,6.8,16,112228,4
12115,FL,2021,341026.013,St. Johns,14,3.5,4.2,16,23,22,21,42437,55239,77.0,163,6.4,13,71338,81
12117,FL,2021,313031.962,St. Lucie,21,4.4,5.0,20,31,29,19,39045,70259,56.0,170,5.3,19,84050,49
12119,FL,2021,321228.1065,Sumter,17,4.0,4.4,19,29,23,23,6003,14810,41.0,63,4.9,11,50446,47
12127,FL,2021,261866.5731,Volusia,19,4.5,5.2,21,32,29,23,72424,118255,61.0,405,7.4,17,152225,35
12129,FL,2021,229465.9729,Wakulla,19,4.4,5.0,22,40,30,24,4453,9077,49.0,32,9.9,11,9185,46
12131,FL,2021,560610.4057,Walton,19,4.6,5.0,22,32,31,20,10067,16701,60.0,74,10.4,18,20467,42
13001,GA,2021,132653.8861,Appling,26,5.3,5.2,25,34,41,16,1912,4245,45.0,23,12.4,12,5086,53
13005,GA,2021,109506.2836,Bacon,25,5.2,5.1,25,44,38,16,1097,2967,37.0,10,8.9,12,2805,20
13011,GA,2021,244485.0277,Banks,22,4.7,5.0,23,33,36,18,2153,4562,47.0,14,7.4,14,5082,77
13013,GA,2021,253919.3882,Barrow,20,4.3,4.5,20,39,23,17,13103,22805,57.0,51,6.3,13,19895,69
13015,GA,2021,241568.3306,Bartow,20,4.3,4.6,21,29,30,17,15528,27370,57.0,74,7.0,15,24946,77
13017,GA,2021,87587.42628,Ben Hill,26,5.3,5.1,24,42,41,14,1630,3724,44.0,12,7.1,16,3791,28
13019,GA,2021,136846.2101,Berrien,25,5.2,5.2,25,37,29,16,2015,4843,42.0,9,4.7,13,4731,55
13021,GA,2021,122163.3573,Bibb,23,4.6,4.6,21,39,31,14,23574,38494,61.0,202,13.2,20,30409,45
13023,GA,2021,124358.5476,Bleckley,21,4.6,4.8,22,41,34,16,1444,2590,56.0,15,11.7,13,3104,45
13027,GA,2021,132909.7853,Brooks,25,5.0,5.0,23,31,28,16,2144,3780,57.0,12,7.7,17,4685,29
13029,GA,2021,281864.2745,Bryan,16,3.8,4.1,17,40,29,19,7837,11082,71.0,33,8.7,16,9151,54
13035,GA,2021,212134.9299,Butts,25,5.0,5.0,24,38,27,16,2552,6827,37.0,21,8.7,13,5782,55
13039,GA,2021,216215.2911,Camden,18,3.9,4.2,19,37,29,18,8707,14482,60.0,44,8.2,13,12095,15
13043,GA,2021,133108.6944,Candler,28,5.4,5.2,26,54,28,15,990,2541,39.0,8,7.4,21,2312,28
13045,GA,2021,217253.3561,Carroll,21,4.4,4.8,21,36,35,17,17403,30335,57.0,114,9.7,15,28032,45
13047,GA,2021,215280.5824,Catoosa,17,3.9,4.4,19,32,27,19,10223,16777,61.0,52,7.7,11,18339,15
13049,GA,2021,139422.8261,Charlton,26,5.1,4.9,25,36,34,16,1100,3402,32.0,4,3.1,12,2622,55
13051,GA,2021,235436.9719,Chatham,19,3.9,4.3,17,30,24,21,57987,83132,70.0,327,11.3,19,59401,26
13055,GA,2021,134609.7998,Chattooga,25,5.3,5.3,26,34,24,17,2301,6335,36.0,23,9.3,16,6315,17
13057,GA,2021,347423.351,Cherokee,14,3.5,3.9,15,28,21,19,47757,64426,74.0,191,7.5,13,67649,68
13059,GA,2021,237802.4511,Clarke,21,4.5,4.9,19,25,22,16,25734,35135,73.0,136,10.7,26,19062,44
13063,GA,2021,182587.384,Clayton,25,4.6,4.5,19,37,32,13,42838,81815,52.0,120,4.1,22,46678,49
13067,GA,2021,332291.779,Cobb,14,3.3,4.0,14,28,21,19,162621,216341,75.0,573,7.6,14,180919,84
13069,GA,2021,127260.6257,Coffee,25,4.9,4.9,23,34,35,17,4547,11628,39.0,39,9.1,14,9112,55
13071,GA,2021,118204.9634,Colquitt,27,5.1,4.8,23,40,36,15,4369,11591,38.0,39,8.6,18,9763,28
13073,GA,2021,253179.5589,Columbia,15,3.5,3.8,16,33,27,18,30295,42004,72.0,108,7.0,10,37541,54
13075,GA,2021,122509.4185,Cook,24,4.8,4.8,24,29,40,16,2037,4201,48.0,13,7.6,16,4127,29
13077,GA,2021,293821.4735,Coweta,17,3.9,4.0,17,31,29,20,23769,36569,65.0,111,7.6,13,37896,54
13081,GA,2021,102315.4455,Crisp,28,5.5,5.2,25,36,37,14,2750,5197,53.0,18,8.0,20,4678,28
13083,GA,2021,190118.4524,Dade,20,4.4,4.9,22,38,31,18,1887,3693,51.0,12,7.4,13,4429,77
13085,GA,2021,340026.5048,Dawson,15,3.7,4.0,17,28,24,20,3425,5661,61.0,26,10.4,13,7371,25
13087,GA,2021,124104.4651,Decatur,25,5.0,4.7,23,27,29,14,3227,6574,49.0,33,12.4,19,5797,29
13089,GA,2021,280244.8838,DeKalb,18,3.7,4.1,16,27,20,18,166076,232999,71.0,555,7.3,19,154322,84
13091,GA,2021,114807.023,Dodge,24,5.0,4.8,23,42,25,16,2550,5377,47.0,19,9.2,12,5174,20
13093,GA,2021,100432.6094,Dooly,26,4.9,4.7,24,39,31,15,1212,3481,35.0,9,6.6,17,3493,55
13095,GA,2021,87463.49892,Dougherty,27,5.0,5.0,22,39,35,12,12905,22464,57.0,105,11.5,22,15679,28
13097,GA,2021,242533.3279,Douglas,19,3.8,4.1,18,34,25,15,23739,37868,63.0,74,5.1,16,31638,54
13099,GA,2021,101365.8751,Early,27,5.3,5.0,24,46,28,14,1245,2219,56.0,15,14.6,19,2606,28
13103,GA,2021,233819.2067,Effingham,17,3.9,4.4,20,36,32,19,9839,16777,59.0,43,6.9,11,16076,15
13105,GA,2021,119446.2256,Elbert,24,4.9,5.0,23,44,39,16,1801,4285,42.0,20,10.5,17,5460,28
13107,GA,2021,90054.52741,Emanuel,27,5.3,5.2,25,37,29,15,2407,5810,41.0,14,6.2,15,5354,55
13109,GA,2021,119497.6246,Evans,27,5.2,5.1,24,42,26,15,1278,2815,45.0,11,10.3,17,2734,28
13111,GA,2021,399520.5295,Fannin,18,4.4,4.6,20,29,30,19,2462,4647,53.0,34,13.1,12,8226,65
13113,GA,2021,376798.317,Fayette,13,3.1,3.6,13,28,20,19,17312,22435,77.0,148,13.0,11,33015,41
13115,GA,2021,176159.3594,Floyd,22,4.6,4.8,21,34,33,16,11796,24098,49.0,100,10.2,16,21780,29
13117,GA,2021,437439.4969,Forsyth,12,3.0,3.5,12,27,17,18,48185,59003,82.0,146,6.2,10,64504,41
13121,GA,2021,351480.7909,Fulton,15,3.3,3.7,13,25,21,20,251472,323012,78.0,976,9.3,18,211868,23
13135,GA,2021,311619.6731,Gwinnett,17,3.6,3.7,14,32,25,17,168632,255088,66.0,661,7.1,17,194378,84
13139,GA,2021,288425.9129,Hall,21,4.1,4.2,17,32,25,18,25211,50964,49.0,156,7.7,17,44697,69
13147,GA,2021,250735.1518,Hart,23,4.8,5.0,24,32,26,16,2930,6052,48.0,31,11.9,16,7370,79
13149,GA,2021,181150.3605,Heard,21,4.7,5.0,23,37,29,18,1092,2746,40.0,7,5.9,14,3201,77
13151,GA,2021,257500.1708,Henry,17,3.9,3.9,17,35,25,15,37172,58465,64.0,143,6.2,15,53461,54
13153,GA,2021,180667.7835,Houston,19,4.0,4.4,18,37,27,15,29896,42919,70.0,116,7.5,14,36289,54
13155,GA,2021,99998.76443,Irwin,26,5.2,5.1,25,35,31,15,969,2183,44.0,5,5.3,11,2450,55
13157,GA,2021,301644.2093,Jackson,17,4.0,4.7,20,27,32,19,10210,18223,56.0,57,8.1,14,18041,47
13159,GA,2021,228868.9321,Jasper,24,5.0,5.2,24,35,28,16,1606,3210,50.0,8,5.7,19,3973,77
13161,GA,2021,103399.9626,Jeff Davis,26,5.3,5.2,25,38,30,16,1586,3906,41.0,12,8.0,14,3437,55
13163,GA,2021,99568.22338,Jefferson,27,5.2,5.2,24,28,30,14,1293,3694,35.0,16,10.4,18,3579,17
13169,GA,2021,186120.8888,Jones,20,4.4,4.7,20,35,30,17,4119,6781,61.0,18,6.3,10,8587,72
13171,GA,2021,195606.961,Lamar,21,4.5,4.8,22,37,29,17,2258,4310,52.0,14,7.4,16,4497,77
13173,GA,2021,143673.8514,Lanier,23,4.7,4.8,23,27,39,17,1619,3013,54.0,7,6.8,21,2392,29
13175,GA,2021,143463.2748,Laurens,25,5.0,5.1,24,38,37,14,5624,11460,49.0,55,11.6,13,11005,57
13177,GA,2021,188678.5576,Lee,17,3.8,4.3,18,40,22,17,5574,8150,68.0,11,3.7,10,7440,54
13179,GA,2021,158365.0088,Liberty,22,4.6,4.5,19,38,35,16,12400,18693,66.0,46,7.5,16,10739,45
13181,GA,2021,186387.73,Lincoln,22,4.6,4.8,22,24,30,17,810,1664,49.0,12,15.2,14,2606,79
13183,GA,2021,200195.4113,Long,22,4.6,4.8,21,33,31,17,3451,5782,60.0,6,3.2,13,3935,77
13185,GA,2021,159031.5317,Lowndes,22,4.4,4.8,20,36,30,14,18021,30418,59.0,117,10.1,17,21597,45
13187,GA,2021,286869.1804,Lumpkin,19,4.4,4.8,21,31,29,18,3611,6974,52.0,16,4.9,15,8176,77
13193,GA,2021,76066.92531,Marion,24,4.8,4.9,23,31,34,16,1112,1858,60.0,5,6.0,13,2672,77
13195,GA,2021,241140.9819,McDuffie,25,5.1,5.1,23,40,36,15,2078,4823,43.0,23,10.7,16,4995,28
13197,GA,2021,115194.7331,McIntosh,21,4.5,4.7,21,31,29,16,1338,2940,46.0,7,4.9,16,4819,77
13189,GA,2021,138752.1752,Macon,30,5.4,5.0,25,30,43,14,1346,3664,37.0,13,9.9,18,3005,19
13191,GA,2021,176766.1203,Madison,21,4.5,4.7,22,25,30,18,3579,7153,50.0,29,9.8,15,8027,79
13199,GA,2021,139561.6485,Meriwether,25,5.1,5.1,23,41,38,15,2093,4776,44.0,22,10.4,17,5514,28
13205,GA,2021,106365.6129,Mitchell,27,5.2,5.1,25,37,31,15,2387,5901,40.0,17,7.7,18,4964,19
13207,GA,2021,258454.0964,Monroe,19,4.2,4.6,20,36,37,17,3620,6211,58.0,27,9.8,15,7725,45
13211,GA,2021,323384.679,Morgan,17,3.9,4.4,19,31,23,18,2081,3687,56.0,18,9.5,13,5084,15
13213,GA,2021,180372.2182,Murray,24,5.1,5.0,24,36,32,18,4290,10121,42.0,14,3.5,13,10015,55
13215,GA,2021,135913.7292,Muscogee,21,4.2,4.8,19,38,27,18,37245,56168,66.0,205,10.6,20,34936,44
13217,GA,2021,226916.1439,Newton,22,4.4,4.6,20,40,31,15,15542,27552,56.0,68,6.2,17,25034,45
13219,GA,2021,414818.2475,Oconee,12,3.1,3.7,13,25,24,20,7175,8781,82.0,43,10.9,10,11132,41
13221,GA,2021,223900.1662,Oglethorpe,22,4.8,4.8,22,37,39,17,1553,3521,44.0,7,4.6,15,4362,77
13225,GA,2021,168903.2474,Peach,23,4.6,4.6,21,42,37,15,3969,6384,62.0,15,5.5,15,6628,45
13227,GA,2021,289567.9256,Pickens,16,4.0,4.5,19,34,27,19,3594,6975,52.0,30,9.4,13,9008,15
13229,GA,2021,140554.9106,Pierce,22,4.7,4.8,23,36,38,17,2117,4549,47.0,21,10.8,11,5461,53
13233,GA,2021,155316.3035,Polk,23,4.9,4.9,23,42,33,17,4625,10506,44.0,46,10.8,18,9712,28
13235,GA,2021,118638.4253,Pulaski,25,5.0,5.2,23,45,35,15,1556,3126,50.0,10,9.0,18,2370,28
13237,GA,2021,328223.001,Putnam,21,4.6,4.6,20,36,28,17,2311,4488,51.0,20,9.2,14,6883,69
13239,GA,2021,88119.15191,Quitman,28,5.3,5.2,25,29,27,14,180,565,32.0,0,0.0,18,591,63
13241,GA,2021,305621.726,Rabun,21,4.5,4.7,21,38,23,18,1478,3464,43.0,22,13.0,16,4947,40
13247,GA,2021,239437.51,Rockdale,21,4.1,4.3,17,45,33,14,12657,21577,59.0,67,7.4,17,20622,45
13251,GA,2021,127955.4097,Screven,24,4.8,4.9,24,32,36,16,1535,3260,47.0,14,10.0,17,3746,29
13253,GA,2021,105215.6582,Seminole,23,4.7,5.0,22,44,23,16,1024,1849,55.0,10,12.0,19,2195,36
13257,GA,2021,157313.6169,Stephens,20,4.6,4.8,21,39,30,17,2565,5513,47.0,34,13.1,15,6661,45
13261,GA,2021,93898.39521,Sumter,26,5.0,4.9,22,36,30,15,3967,6881,58.0,34,11.4,20,6389,29
13263,GA,2021,121201.7024,Talbot,26,5.0,4.9,23,20,30,15,553,1227,45.0,3,4.8,15,2219,31
13267,GA,2021,138777.9129,Tattnall,26,5.2,5.0,25,36,37,17,2743,8022,34.0,26,10.2,17,5534,19
13271,GA,2021,95398.07569,Telfair,30,5.4,5.1,26,31,37,15,1214,5016,24.0,13,8.2,11,3127,55
13273,GA,2021,79551.64898,Terrell,28,5.3,5.1,24,35,33,14,1018,2065,49.0,7,8.1,20,1870,28
13275,GA,2021,162545.4723,Thomas,22,4.6,4.5,21,37,30,16,6569,10615,62.0,69,15.5,20,10774,40
13277,GA,2021,154364.2359,Tift,23,4.9,4.8,22,38,34,15,5233,10313,51.0,45,11.1,15,9087,29
13279,GA,2021,131019.1619,Toombs,26,5.1,5.0,24,45,36,16,2787,6691,42.0,28,10.4,17,6072,28
13283,GA,2021,103506.7289,Treutlen,24,5.0,4.9,24,28,30,16,560,1582,35.0,8,11.7,16,1666,17
13285,GA,2021,159151.6722,Troup,22,4.5,4.8,22,50,31,16,9111,17967,51.0,83,11.9,18,14304,45
13287,GA,2021,103236.6517,Turner,26,5.1,5.0,24,39,40,15,880,2100,42.0,12,15.2,18,2191,28
13289,GA,2021,80160.14153,Twiggs,27,5.3,5.2,26,37,30,15,1012,1967,51.0,8,9.8,15,2462,57
13291,GA,2021,295894.8009,Union,17,4.0,4.5,19,28,27,19,2218,4067,55.0,25,10.4,11,7524,15
13293,GA,2021,120777.7294,Upson,24,4.9,5.0,24,22,33,16,3134,5946,53.0,30,11.4,15,6861,79
13295,GA,2021,177287.4039,Walker,21,4.6,4.8,23,35,36,17,9236,16756,55.0,59,8.5,14,18660,77
13297,GA,2021,290899.41,Walton,18,4.0,4.4,20,32,33,16,12302,22586,54.0,69,7.4,15,23517,15
13299,GA,2021,97143.52394,Ware,24,4.9,4.9,23,34,37,16,4291,9245,46.0,55,15.4,15,8791,29
13303,GA,2021,104844.4609,Washington,26,5.0,5.0,24,34,37,15,2390,5051,47.0,18,8.8,19,4997,29
13305,GA,2021,156674.5847,Wayne,24,4.9,4.9,23,41,30,17,3475,7615,46.0,39,13.1,13,6605,20
13311,GA,2021,254534.7687,White,18,4.2,4.6,20,26,23,19,2902,6085,48.0,25,8.3,14,8872,47
13313,GA,2021,182443.4823,Whitfield,26,4.7,4.7,21,33,33,15,11813,27358,43.0,91,8.7,17,23006,29
13315,GA,2021,97650.55905,Wilcox,25,4.8,4.7,24,35,41,16,892,2610,34.0,4,4.5,12,1960,55
13317,GA,2021,102569.64,Wilkes,26,5.0,4.9,24,41,30,14,740,1998,37.0,11,11.1,14,2684,20
13319,GA,2021,96664.42249,Wilkinson,25,4.9,4.9,24,34,30,15,885,2039,43.0,10,11.1,13,2396,57
13321,GA,2021,124211.699,Worth,23,4.7,4.8,23,44,34,16,2064,4734,44.0,16,7.9,14,5236,20
15003,HI,2021,760458.5788,Honolulu,17,3.6,3.6,15,24,20,21,199001,275314,72.0,616,6.3,27,175751,30
15007,HI,2021,731987.5918,Kauai,16,3.7,3.9,16,24,18,25,10873,17574,62.0,69,9.6,23,14320,43
15009,HI,2021,788659.4763,Maui,15,3.5,3.7,16,25,18,23,25771,43161,60.0,118,7.1,29,33259,43
19021,IA,2021,153088.3448,Buena Vista,18,3.6,3.4,20,36,27,22,2312,4715,49.0,41,20.6,15,4861,14
19027,IA,2021,160330.3057,Carroll,13,3.1,3.5,19,37,24,26,3125,4341,72.0,40,19.8,9,6617,14
19067,IA,2021,133338.2757,Floyd,16,3.5,3.8,20,43,28,24,1982,3179,62.0,23,14.6,10,4916,39
19069,IA,2021,128894.8257,Franklin,16,3.6,3.9,20,48,28,25,1272,2217,57.0,24,23.7,12,3130,14
19071,IA,2021,134087.0629,Fremont,14,3.4,3.8,21,36,24,27,1050,1442,73.0,4,5.7,9,2248,39
19099,IA,2021,172755.7066,Jasper,14,3.4,3.7,20,38,25,25,5479,8900,62.0,60,16.2,10,10858,39
19113,IA,2021,184330.0977,Linn,13,3.2,3.7,18,33,21,23,44168,59171,75.0,249,11.0,10,67095,68
19149,IA,2021,216039.0016,Plymouth,13,3.0,3.4,18,33,30,25,3863,5473,71.0,39,15.5,7,7945,39
19153,IA,2021,226023.7072,Polk,14,3.1,3.6,17,34,18,25,101972,139743,73.0,607,12.5,14,126008,9
19157,IA,2021,185198.4748,Poweshiek,14,3.1,3.6,19,34,23,25,2553,3671,70.0,26,13.9,11,5327,39
19187,IA,2021,124004.5075,Webster,16,3.7,3.9,21,38,26,26,5474,8497,64.0,47,13.0,12,10408,39
16019,ID,2021,345917.0536,Bonneville,17,4.2,4.5,16,29,20,16,20298,30244,67.0,49,4.2,14,27689,18
16035,ID,2021,237851.8728,Clearwater,19,4.4,4.6,20,34,24,19,946,1845,51.0,6,6.9,10,2775,15
17019,IL,2021,172219.3917,Champaign,16,3.9,4.3,17,30,22,21,42247,53384,79.0,250,11.9,21,43636,26
17031,IL,2021,264687.9355,Cook,18,3.8,4.1,16,28,21,22,1106513,1550811,71.0,3778,7.3,22,1122584,60
17043,IL,2021,334008.3856,DuPage,12,3.1,3.7,14,26,16,21,187774,237688,79.0,879,9.5,16,251502,23
17089,IL,2021,273999.706,Kane,16,3.7,4.0,16,28,14,20,84275,135403,62.0,389,7.3,17,132690,18
17093,IL,2021,276045.204,Kendall,14,3.3,3.8,15,35,20,23,26815,36207,74.0,66,5.2,13,34036,68
17097,IL,2021,282971.2828,Lake,14,3.3,3.8,15,25,20,21,116742,166025,70.0,558,8.0,16,179679,84
17105,IL,2021,118327.018,Livingston,18,4.3,4.6,22,30,26,21,4254,8544,50.0,64,17.9,13,10417,51
17115,IL,2021,92990.44959,Marion,20,4.6,4.8,23,24,33,21,5337,8826,60.0,83,22.1,12,11730,51
17117,IL,2021,113711.0434,Marshall,17,4.1,4.5,21,25,24,22,1522,2414,63.0,21,18.2,9,3997,51
17119,IL,2021,148008.9789,Mason,19,4.4,4.7,23,28,24,22,1643,3004,55.0,20,14.7,10,4653,51
17109,IL,2021,82966.47562,Macon,18,4.3,4.6,21,36,28,21,15334,24613,62.0,159,15.2,13,30039,7
17111,IL,2021,262004.2232,Macoupin,17,4.2,4.6,21,24,22,21,6325,10347,61.0,76,16.8,11,14484,51
17113,IL,2021,184848.9886,Madison,16,4.0,4.5,21,36,27,23,48116,67834,71.0,360,13.6,13,76830,32
17183,IL,2021,72260.89656,Vermilion,21,4.8,4.9,24,43,29,20,9014,18055,50.0,113,14.7,12,21666,11
17197,IL,2021,275170.9731,Will,15,3.4,3.7,16,34,21,22,121165,175203,69.0,478,6.9,14,186528,84
17201,IL,2021,134799.0694,Winnebago,19,4.3,4.5,21,30,25,19,40780,69300,59.0,283,10.0,15,75592,70
18007,IN,2021,135065.6833,Benton,21,4.5,5.0,25,36,29,18,1230,1992,62.0,7,8.1,10,2541,62
18015,IN,2021,178477.6218,Carroll,18,4.1,4.7,23,41,31,18,2478,4576,54.0,26,12.9,8,6457,7
18023,IN,2021,154123.2387,Clinton,21,4.3,4.8,23,37,34,17,3655,7675,48.0,41,12.7,11,8492,22
18085,IN,2021,224280.5045,Kosciusko,19,4.1,4.6,22,35,29,18,11112,19343,57.0,130,16.4,10,23179,7
18099,IN,2021,191298.9171,Marshall,20,4.4,4.7,24,43,33,17,5164,10408,50.0,68,14.7,12,12929,22
20177,KS,2021,149816.2732,Shawnee,16,3.7,4.2,20,37,23,16,28881,43105,67.0,284,16.0,13,46560,0
21003,KY,2021,141112.155,Allen,26,5.5,5.4,28,37,40,15,2507,5063,50.0,8,3.8,14,5698,56
21005,KY,2021,182754.6772,Anderson,21,4.7,5.0,22,41,31,17,3310,5442,61.0,23,10.1,11,6612,62
21007,KY,2021,93268.78438,Ballard,23,5.1,5.2,25,38,36,16,1119,1725,65.0,12,15.0,10,2473,22
21009,KY,2021,158342.7134,Barren,27,5.8,5.4,28,36,38,15,5311,10289,52.0,33,7.5,16,11290,56
21011,KY,2021,117096.9856,Bath,28,5.8,5.9,29,46,40,15,1246,2827,44.0,5,4.0,13,3479,56
21015,KY,2021,259325.756,Boone,17,4.0,4.3,18,37,23,18,25170,34420,73.0,82,6.2,11,35015,54
21017,KY,2021,188874.1892,Bourbon,23,5.1,5.2,25,33,29,16,2618,4741,55.0,20,9.9,13,5119,83
21019,KY,2021,108272.2867,Boyd,24,5.3,5.7,25,40,35,14,7446,11713,64.0,78,16.5,13,12521,1
21021,KY,2021,172116.1875,Boyle,23,5.0,5.2,24,24,25,16,3932,6669,59.0,39,13.0,13,7404,79
21023,KY,2021,141267.0754,Bracken,24,5.1,5.3,26,35,30,16,1076,2011,54.0,10,12.1,14,2456,57
21027,KY,2021,119302.8549,Breckinridge,24,5.3,5.3,27,30,24,16,2068,4403,47.0,23,11.3,11,6123,83
21029,KY,2021,232276.1218,Bullitt,21,4.9,5.2,23,36,27,16,12280,20775,59.0,52,6.4,11,23843,62
21033,KY,2021,101587.438,Caldwell,24,5.2,5.5,25,36,30,17,1706,2876,59.0,21,16.5,7,3943,22
21035,KY,2021,86308.57659,Calloway,22,5.0,5.2,22,34,29,16,5620,8458,66.0,46,11.8,18,9364,8
21037,KY,2021,218656.3556,Campbell,18,4.4,5.2,20,35,25,20,18347,24615,75.0,78,8.4,13,25624,70
21041,KY,2021,129223.274,Carroll,28,5.7,5.6,28,26,28,15,1034,2844,36.0,10,9.3,20,2638,17
21043,KY,2021,101485.2048,Carter,29,6.3,5.8,28,42,39,15,3220,6261,51.0,12,4.4,11,7432,56
21047,KY,2021,136133.4613,Christian,26,5.2,5.5,26,37,30,15,11748,19359,61.0,95,13.3,16,12375,57
21049,KY,2021,184633.0111,Clark,23,4.9,5.2,24,39,25,16,5540,8800,63.0,37,10.2,12,9773,62
21055,KY,2021,94223.81575,Crittenden,25,5.4,5.4,26,38,28,16,1036,2046,51.0,15,16.8,13,2921,36
21059,KY,2021,159137.9815,Daviess,21,5.0,5.4,22,30,28,19,16463,25042,66.0,128,12.7,13,27297,8
21061,KY,2021,129675.5248,Edmonson,26,5.6,5.7,27,40,25,15,1510,2878,52.0,3,2.4,15,3927,63
21065,KY,2021,85118.93459,Estill,31,6.3,6.1,31,35,34,14,1338,3339,40.0,17,12.0,16,3967,37
21067,KY,2021,236465.6745,Fayette,19,4.4,5.0,18,28,22,20,70421,91706,77.0,356,11.0,17,70648,70
21069,KY,2021,118152.0503,Fleming,25,5.4,5.4,28,39,27,17,1833,3305,55.0,10,6.9,12,4277,62
21071,KY,2021,71605.47017,Floyd,31,6.5,6.4,29,41,40,13,4205,8877,47.0,24,6.7,16,10486,56
21073,KY,2021,181307.2453,Franklin,19,4.5,4.8,20,39,24,16,8132,12851,63.0,108,21.3,12,13236,33
21075,KY,2021,55083.61717,Fulton,31,6.1,5.8,29,35,30,13,566,1383,41.0,7,11.4,13,1497,37
21077,KY,2021,170613.8577,Gallatin,26,5.5,5.5,27,30,30,16,967,2140,45.0,0,0.0,14,2236,63
21079,KY,2021,179453.4388,Garrard,24,5.3,5.3,25,31,27,16,2294,4000,57.0,11,6.3,14,5526,31
21081,KY,2021,194546.9196,Grant,24,5.3,5.4,26,35,34,16,3045,6162,49.0,17,6.8,16,6263,5
21085,KY,2021,166218.5326,Grayson,28,5.8,5.7,28,44,35,15,2942,6291,47.0,16,6.1,14,7084,56
21093,KY,2021,181973.1526,Hardin,22,5.0,5.1,22,40,31,16,19784,28614,69.0,100,9.1,13,25605,62
21099,KY,2021,122170.7304,Hart,29,5.9,5.6,28,30,32,15,1622,4175,39.0,24,12.7,10,5449,50
21101,KY,2021,151159.04,Henderson,23,5.2,5.3,25,37,31,16,6685,11490,58.0,57,12.5,12,11431,62
21103,KY,2021,182013.2071,Henry,25,5.5,5.5,26,34,22,16,1813,3656,50.0,19,11.8,14,4359,83
21107,KY,2021,109783.8434,Hopkins,24,5.4,5.5,25,39,37,15,6306,10986,57.0,89,19.7,12,12912,75
21111,KY,2021,207144.9169,Jefferson,21,4.3,5.0,23,32,25,19,146920,209191,70.0,777,10.1,14,193084,74
21113,KY,2021,225592.7326,Jessamine,21,4.7,5.1,22,35,27,16,8071,13137,61.0,63,11.7,13,12155,8
21115,KY,2021,101290.7324,Johnson,28,5.9,5.7,27,43,37,14,3238,5537,58.0,11,4.9,15,6103,56
21117,KY,2021,214734.4446,Kenton,20,4.6,5.1,20,35,25,18,32371,46204,70.0,116,7.0,12,42303,72
21123,KY,2021,159486.475,Larue,25,5.4,5.5,27,39,32,16,1838,3511,52.0,20,14.0,13,4253,1
21125,KY,2021,135787.878,Laurel,27,6.0,5.6,26,38,32,13,7788,15423,50.0,32,5.3,15,15788,56
21141,KY,2021,151976.2138,Logan,24,5.4,5.4,25,37,34,16,3226,6364,51.0,40,14.8,13,7261,1
21143,KY,2021,114899.6082,Lyon,23,4.9,5.1,24,32,38,18,698,1808,39.0,10,12.5,11,2645,53
21151,KY,2021,214391.4407,Marshall,20,4.6,4.8,23,36,29,17,4587,7112,64.0,55,17.6,11,10623,7
21145,KY,2021,134362.8917,Madison,21,4.9,5.1,22,36,23,16,15474,22255,70.0,89,9.6,15,19700,8
21179,KY,2021,196834.0484,Nelson,21,4.8,5.0,22,39,29,16,7190,11267,64.0,42,9.2,10,13561,62
21181,KY,2021,111901.6901,Nicholas,29,6.0,6.0,29,35,29,15,732,1637,45.0,8,11.2,13,1931,50
21185,KY,2021,350886.6503,Oldham,15,3.7,4.1,16,23,19,18,12724,16567,77.0,45,6.8,8,17712,81
21191,KY,2021,162150.4858,Pendleton,24,5.2,5.3,26,33,30,16,1514,3407,44.0,14,9.6,12,3956,83
21195,KY,2021,72917.63317,Pike,30,6.1,6.1,29,40,38,13,7293,14311,51.0,41,7.0,14,18749,56
21199,KY,2021,154404.5365,Pulaski,25,5.5,5.3,24,39,34,15,8693,15160,57.0,62,9.6,17,17453,57
21219,KY,2021,135866.2864,Todd,26,5.4,5.6,26,40,35,15,1447,3041,48.0,22,17.9,12,3133,75
22051,LA,2021,257049.4751,Jefferson,21,4.2,4.9,20,33,25,20,69567,117399,59.0,317,7.3,18,103702,35
22061,LA,2021,194601.7512,Lincoln,23,4.5,5.0,22,33,35,17,6957,10573,66.0,59,12.5,18,9120,29
22067,LA,2021,79540.89941,Morehouse,28,5.3,5.6,28,43,33,17,2442,5747,42.0,41,16.1,15,6498,75
22071,LA,2021,255405.0016,Orleans,22,4.5,5.2,20,31,22,22,86583,123086,70.0,392,10.0,26,74240,44
22073,LA,2021,146529.8873,Ouachita,24,4.7,5.2,24,43,31,19,22981,41244,56.0,192,12.4,16,33023,36
22079,LA,2021,148504.5939,Rapides,23,4.8,5.3,25,40,31,18,17329,32910,53.0,171,13.1,16,29922,36
22085,LA,2021,190776.1836,Sabine,24,5.0,5.4,26,51,33,21,2483,5509,45.0,30,12.5,10,6242,20
22087,LA,2021,205747.2487,St. Bernard,25,4.8,5.2,26,42,31,19,7862,14091,56.0,21,4.5,16,10160,77
22089,LA,2021,251139.3661,St. Charles,18,3.9,4.8,19,42,26,22,8636,13440,64.0,45,8.5,12,15510,46
25001,MA,2021,547140.8573,Barnstable,13,3.4,4.5,16,23,17,26,24971,37872,66.0,270,12.7,17,75287,9
25003,MA,2021,285380.0745,Berkshire,15,3.9,5.0,19,27,20,26,17319,26389,66.0,136,10.8,15,37928,2
25005,MA,2021,411177.5885,Bristol,16,4.2,4.9,19,29,24,24,89324,140104,64.0,452,8.0,17,136508,4
25007,MA,2021,1133933.459,Dukes,12,3.4,4.3,15,28,19,26,2412,3718,65.0,42,24.2,24,4893,43
25009,MA,2021,554897.0593,Essex,15,3.4,4.3,15,26,19,25,127226,189824,67.0,698,8.8,19,188804,4
25011,MA,2021,281442.9282,Franklin,15,3.9,5.0,18,28,20,23,11469,16541,69.0,89,12.5,16,20979,2
25013,MA,2021,263196.1057,Hampden,19,4.5,5.0,19,31,26,23,69021,115569,60.0,410,8.7,19,109668,35
25015,MA,2021,341936.0982,Hampshire,14,3.8,5.0,16,21,17,23,25849,33166,78.0,154,9.5,16,39341,81
25017,MA,2021,638158.0331,Middlesex,11,3.3,4.0,12,22,17,23,373753,456785,82.0,1555,9.6,16,376888,23
25019,MA,2021,2090564.16,Nantucket,12,3.1,4.1,13,25,20,24,2671,3387,79.0,19,16.8,20,2619,38
25021,MA,2021,602421.6643,Norfolk,11,3.2,4.1,13,25,18,22,147360,177328,83.0,709,10.1,15,182847,9
25023,MA,2021,490289.732,Plymouth,14,3.7,4.4,17,27,22,26,80622,115282,70.0,459,8.9,16,143386,4
25025,MA,2021,660902.4258,Suffolk,18,3.9,4.7,16,21,19,23,218232,288024,76.0,795,9.8,24,111811,30
25027,MA,2021,369710.4309,Worcester,15,3.8,4.6,18,28,22,22,141565,205863,69.0,710,8.5,16,201806,4
24001,MD,2021,128084.3782,Allegany,20,4.6,4.9,20,35,29,17,9013,16865,53.0,124,17.5,14,18859,40
24003,MD,2021,427747.7253,Anne Arundel,13,3.2,3.7,14,31,20,20,116098,156216,74.0,468,8.1,13,155617,84
24510,MD,2021,161765.2341,Worcester,16,3.7,4.0,17,37,27,20,6840,10235,67.0,90,17.4,17,16582,14
24005,MD,2021,303902.8216,Baltimore,17,3.6,4.1,15,31,23,17,152234,214934,71.0,696,8.4,16,207123,84
24009,MD,2021,417454.8361,Baltimore City,21,4.3,4.9,21,35,26,18,124208,190920,65.0,597,9.9,22,113587,35
24011,MD,2021,270565.6319,Calvert,13,3.4,3.8,15,31,21,19,15410,21168,73.0,58,6.3,12,27070,68
24013,MD,2021,406991.3643,Caroline,21,4.7,5.1,21,41,31,16,3693,8187,45.0,34,10.2,18,8759,45
24015,MD,2021,303862.4825,Carroll,13,3.4,4.0,15,31,23,20,27196,37898,72.0,164,9.7,11,49823,68
24017,MD,2021,393623.4492,Cecil,17,4.2,4.5,19,36,28,18,14523,25050,58.0,67,6.5,13,27065,15
24019,MD,2021,216543.3803,Charles,15,3.2,3.7,15,40,25,16,27074,41008,66.0,91,5.6,14,43436,54
24021,MD,2021,410060.838,Dorchester,21,4.3,4.7,21,40,32,15,3866,7121,54.0,34,10.6,18,8969,45
24023,MD,2021,278604.233,Frederick,13,3.2,3.8,14,31,21,20,47592,64033,74.0,267,10.4,13,69614,68
24025,MD,2021,344647.5695,Garrett,17,4.2,4.6,18,36,27,16,3560,6401,56.0,38,13.0,12,9771,15
24027,MD,2021,521463.7188,Harford,16,3.6,4.0,16,32,24,16,46471,62193,75.0,192,7.6,13,73899,18
24029,MD,2021,301051.398,Howard,11,2.6,3.4,9,26,16,15,71779,83628,86.0,289,8.9,13,83520,41
24031,MD,2021,552499.633,Kent,16,3.8,4.2,17,30,27,19,2217,3601,62.0,27,13.9,16,5557,25
24033,MD,2021,386323.7513,Montgomery,12,2.9,3.4,9,22,16,14,214438,277103,77.0,949,9.0,17,242632,23
24035,MD,2021,421822.893,Prince George's,18,3.5,3.8,13,38,23,13,159173,255749,62.0,737,8.1,19,193263,52
24037,MD,2021,363142.8117,Queen Anne's,13,3.4,3.9,16,28,21,21,7204,10637,68.0,36,7.2,12,15046,68
24039,MD,2021,161821.0389,Somerset,24,4.7,4.6,22,42,33,15,2685,6501,41.0,29,11.3,25,5575,28
24041,MD,2021,402670.649,St. Mary's,16,3.6,4.0,17,37,23,17,19841,29754,67.0,73,6.5,12,28811,54
24043,MD,2021,264023.8903,Talbot,14,3.4,3.8,16,29,21,20,4687,6865,68.0,46,12.4,16,11828,25
24045,MD,2021,208669.2233,Washington,18,4.0,4.6,19,37,28,16,21862,38111,57.0,185,12.3,15,36952,45
24047,MD,2021,339947.0194,Wicomico,18,4.0,4.8,19,36,26,16,14056,23371,60.0,94,9.1,20,21791,44
23001,ME,2021,240595.1127,Androscoggin,18,4.2,4.9,22,33,23,21,17344,25943,67.0,88,8.2,14,29359,70
23003,ME,2021,127553.3575,Aroostook,22,4.9,5.4,23,38,31,16,8984,13780,65.0,72,10.7,13,21246,62
23005,ME,2021,418134.8069,Cumberland,12,3.2,4.2,14,23,15,25,58954,75146,78.0,397,13.5,15,83578,9
23007,ME,2021,217466.7594,Franklin,16,4.0,4.6,20,32,22,23,3899,6238,63.0,29,9.7,11,9410,32
23011,ME,2021,232280.1392,Kennebec,17,4.5,5.0,22,32,22,20,18889,28018,67.0,179,14.7,14,36752,65
23013,ME,2021,330728.562,Knox,16,3.8,4.5,18,28,17,22,5167,8514,61.0,59,14.8,15,13146,25
23015,ME,2021,347685.35,Lincoln,15,3.8,4.8,19,25,19,24,3876,6760,57.0,40,11.6,14,12148,2
23017,ME,2021,243209.6727,Oxford,19,4.5,4.8,22,32,24,20,6982,12491,56.0,52,9.0,14,17242,47
23019,ME,2021,204299.0471,Penobscot,19,4.5,5.1,22,34,24,18,25042,37206,67.0,149,9.9,14,43123,8
23023,ME,2021,314573.4981,Sagadahoc,15,3.6,4.7,18,24,18,21,5390,7955,68.0,25,7.0,14,11909,25
23025,ME,2021,165216.994,Somerset,20,4.8,5.1,26,34,27,20,6246,11160,56.0,53,10.5,16,16230,11
23031,ME,2021,391771.7956,York,15,3.7,4.5,17,30,21,24,33296,47651,70.0,163,7.9,14,63026,25
26001,MI,2021,165123.7068,Alcona,20,4.8,5.1,24,32,23,21,848,1473,58.0,14,13.5,11,4430,11
26005,MI,2021,257719.945,Allegan,17,4.3,4.7,21,32,21,23,16072,27574,58.0,129,11.0,11,35849,2
26007,MI,2021,140006.4601,Alpena,19,4.8,5.0,24,35,25,22,4066,6019,68.0,39,13.8,11,9940,46
26009,MI,2021,263568.1669,Antrim,17,4.4,4.7,22,32,28,22,2467,4158,59.0,24,10.3,12,8621,46
26013,MI,2021,139606.4735,Baraga,22,5.0,5.1,26,30,23,20,927,1987,47.0,5,6.0,13,2494,31
26015,MI,2021,227949.2655,Barry,17,4.3,4.5,22,34,29,22,7900,13685,58.0,62,10.1,11,20299,46
26017,MI,2021,134118.0783,Bay,19,4.7,5.2,21,36,26,22,16386,24410,67.0,103,9.9,12,34037,46
26021,MI,2021,206318.8294,Berrien,19,4.5,4.9,22,34,22,19,23647,35489,67.0,198,12.8,14,45014,65
26023,MI,2021,175765.9053,Branch,21,4.9,4.9,25,39,25,20,5445,10307,53.0,49,11.2,12,12358,11
26025,MI,2021,148376.9167,Calhoun,19,4.4,4.6,22,37,27,20,18185,31920,57.0,152,11.3,14,37743,46
26037,MI,2021,247378.943,Clinton,15,3.8,4.5,18,35,22,20,14213,18694,76.0,57,7.2,10,23779,54
26049,MI,2021,151845.1556,Genesee,20,4.9,4.9,24,36,26,19,63958,97115,66.0,376,9.2,16,117587,8
26055,MI,2021,311979.0781,Grand Traverse,14,3.7,4.5,19,28,18,23,16873,22546,75.0,104,11.2,13,28480,25
26069,MI,2021,128660.4662,Iosco,20,4.8,5.1,25,34,28,23,2459,4634,53.0,37,14.8,12,9329,11
26077,MI,2021,217732.5322,Kalamazoo,16,4.4,4.9,19,31,19,23,51252,65713,78.0,272,10.3,14,66214,2
26081,MI,2021,260547.689,Kent,17,4.1,4.6,18,30,19,22,129759,182106,71.0,806,12.3,14,168688,4
26091,MI,2021,186819.9377,Lenawee,19,4.6,4.9,21,39,27,22,13609,22979,59.0,120,12.2,12,29728,46
26093,MI,2021,323485.4077,Livingston,13,3.5,4.2,17,29,20,23,31235,41999,74.0,146,7.6,11,61489,68
26099,MI,2021,216227.1645,Macomb,17,4.3,4.8,22,32,24,19,148880,220447,68.0,487,5.6,14,254008,74
26103,MI,2021,183540.663,Marquette,17,4.3,4.7,20,34,18,23,10889,15032,72.0,104,15.6,14,18791,2
26105,MI,2021,214199.8197,Mason,19,4.5,4.9,22,34,27,21,3780,6057,62.0,35,12.0,13,9366,46
26111,MI,2021,180568.7584,Midland,15,4.0,4.4,19,36,21,22,14504,20073,72.0,89,10.7,11,26197,32
26115,MI,2021,210761.078,Monroe,17,4.5,4.8,21,39,26,23,22508,34628,65.0,122,8.1,12,47778,46
26117,MI,2021,188031.5995,Montcalm,21,4.9,5.1,26,42,27,21,8156,15311,53.0,77,12.0,15,18675,11
26119,MI,2021,148259.1665,Montmorency,21,5.0,5.3,26,34,23,21,736,1457,51.0,11,11.9,13,3742,11
26121,MI,2021,189306.9604,Muskegon,20,5.1,5.2,25,37,25,20,25678,43206,59.0,182,10.5,14,49270,11
26123,MI,2021,189356.2024,Newaygo,22,5.2,5.2,24,33,26,20,5863,10700,55.0,66,13.5,15,16074,11
26125,MI,2021,293147.4153,Oakland,14,3.7,4.1,16,25,19,22,262111,319910,82.0,1005,8.0,13,358384,16
26139,MI,2021,295541.1857,Ottawa,15,3.9,4.4,17,27,19,20,48013,67860,71.0,330,11.4,12,79724,25
26143,MI,2021,138256.9706,Roscommon,21,5.3,5.4,25,41,38,21,2328,3721,63.0,31,13.0,15,9137,53
26145,MI,2021,125048.6312,Saginaw,20,4.6,4.9,22,39,25,22,28315,44362,64.0,224,11.7,15,56249,46
26147,MI,2021,213779.5898,Sanilac,21,4.9,5.1,25,35,28,21,4690,8580,55.0,36,8.7,13,13775,11
26149,MI,2021,176683.9193,Schoolcraft,22,5.2,5.4,26,27,26,21,804,1401,57.0,5,6.2,15,2903,31
26151,MI,2021,187625.0907,Shiawassee,17,4.2,4.7,22,39,28,21,9986,15788,63.0,75,11.0,10,20858,46
26153,MI,2021,141166.6736,St. Clair,19,4.8,4.9,23,34,27,21,22903,35439,65.0,146,9.2,13,50144,46
26155,MI,2021,170644.1336,St. Joseph,20,4.6,5.1,24,34,27,21,7484,14330,52.0,82,13.4,14,18018,11
26161,MI,2021,344806.4446,Washtenaw,14,3.8,4.6,15,26,15,21,81202,94514,86.0,383,10.3,17,86332,9
26163,MI,2021,143272.1076,Wayne,24,5.0,5.3,24,35,27,20,276096,451647,61.0,1255,7.2,20,423147,13
27003,MN,2021,322299.8835,Anoka,13,3.5,3.8,18,31,20,22,67719,92596,73.0,244,6.9,11,102689,68
27019,MN,2021,415939.043,Carver,10,2.5,3.0,13,26,16,25,21972,25651,86.0,100,9.7,10,30105,41
27025,MN,2021,328867.8389,Chisago,12,3.4,3.6,19,28,21,26,8926,13712,65.0,55,9.8,10,17480,68
27037,MN,2021,352221.2778,Dakota,11,3.1,3.5,15,31,18,20,87810,111221,79.0,368,8.7,11,119521,41
27045,MN,2021,213940.1047,Fillmore,14,3.5,3.9,20,29,24,23,3011,4543,66.0,65,30.9,12,6963,14
27049,MN,2021,272581.7187,Goodhue,13,3.4,3.7,18,34,21,22,7465,10773,69.0,93,20.0,12,14644,14
27053,MN,2021,344232.217,Hennepin,11,3.1,3.6,13,23,16,24,307877,379496,81.0,1394,11.1,16,316847,23
27057,MN,2021,252007.4649,Hubbard,14,3.4,3.6,20,32,26,22,2612,4041,65.0,25,11.7,13,7054,32
27059,MN,2021,289631.652,Isanti,13,3.4,4.0,19,35,24,23,6343,9871,64.0,42,10.5,13,12299,32
27097,MN,2021,235089.2132,Morrison,15,3.6,4.0,22,30,25,23,4805,7450,64.0,59,17.8,12,10326,14
27099,MN,2021,154376.7498,Mower,16,3.8,3.7,20,33,25,21,6050,9699,62.0,56,14.0,11,11359,32
27109,MN,2021,286115.9536,Olmsted,11,2.8,3.2,15,27,17,20,34262,42585,80.0,182,11.6,12,45178,41
27123,MN,2021,298730.1168,Ramsey,14,3.3,3.7,16,28,20,20,115009,157243,73.0,646,11.7,18,124254,84
27131,MN,2021,290022.3954,Rice,13,3.2,3.6,18,28,18,24,9084,15175,60.0,73,11.0,13,17018,68
27139,MN,2021,389307.9995,Sherburne,12,3.1,3.6,18,32,18,26,18919,26189,72.0,82,8.5,9,26938,68
27141,MN,2021,324393.9903,Sibley,14,3.4,3.6,20,38,27,23,2138,3436,62.0,25,16.6,10,4771,39
27163,MN,2021,384764.931,Washington,11,3.0,3.2,14,26,16,22,51271,63215,81.0,219,8.4,10,76614,41
27171,MN,2021,334890.8358,Wright,12,3.1,3.4,16,33,20,25,26099,35348,74.0,134,9.8,10,39350,68
29023,MO,2021,131860.0326,Butler,25,5.5,5.3,27,38,38,17,5657,9895,57.0,37,8.7,13,10439,5
29095,MO,2021,188082.7825,Jackson,21,4.2,4.8,21,32,23,19,132030,194899,68.0,792,11.3,15,166927,74
29159,MO,2021,136497.6174,Pettis,22,4.8,4.9,24,41,29,18,5809,10445,56.0,50,11.8,13,11029,62
29510,MO,2021,151384.423,Wright,28,5.7,5.5,29,29,26,17,1394,3830,36.0,21,11.4,15,4941,17
29189,MO,2021,219530.5755,Shannon,27,5.5,5.6,29,29,28,17,699,1710,41.0,5,6.1,15,2248,63
37009,NC,2021,287793.1303,Ashe,19,4.2,4.8,22,26,31,19,3530,5820,61.0,25,9.2,10,9056,72
37013,NC,2021,180509.1959,Beaufort,22,4.3,4.8,22,45,31,17,5879,9807,60.0,59,12.5,14,13765,45
37025,NC,2021,291870.8407,Cabarrus,17,3.6,4.3,19,34,27,18,39326,55592,71.0,222,10.5,13,51626,0
37031,NC,2021,344279.7281,Carteret,17,3.9,4.7,19,34,24,20,10245,14459,71.0,86,12.4,14,21590,32
37035,NC,2021,208901.8988,Catawba,19,3.9,4.6,20,32,27,20,23049,37398,62.0,228,14.4,13,43246,65
37043,NC,2021,254052.4743,Clay,20,4.3,4.9,22,26,31,18,1238,2001,62.0,14,12.6,18,3895,79
37045,NC,2021,159355.7602,Cleveland,23,4.6,5.0,24,37,29,17,12176,21867,56.0,178,18.2,15,24156,40
37047,NC,2021,147842.2678,Columbus,26,4.8,5.1,26,45,32,16,6683,13365,50.0,47,8.4,16,15637,28
37049,NC,2021,195476.1568,Craven,19,4.0,4.5,20,30,21,19,16207,24955,65.0,120,11.7,15,25944,70
37051,NC,2021,156206.3344,Cumberland,22,4.4,4.5,19,32,25,17,68479,96103,71.0,313,9.4,17,63624,44
37053,NC,2021,430483.4341,Currituck,17,3.8,4.6,20,30,26,20,4548,6456,70.0,25,9.2,14,8626,25
37055,NC,2021,447963.9866,Dare,15,3.4,4.2,17,28,22,22,5793,8113,71.0,55,15.1,16,11551,25
37057,NC,2021,199037.8954,Davidson,20,4.2,5.0,22,36,26,16,22561,38616,58.0,178,10.7,14,46531,8
37061,NC,2021,133750.5127,Duplin,29,5.1,5.2,25,36,34,15,6572,13603,48.0,54,9.2,17,15106,57
37065,NC,2021,96834.13035,Edgecombe,28,4.9,5.1,26,40,32,14,6024,11898,51.0,57,11.0,19,12436,28
37067,NC,2021,211584.3517,Forsyth,19,3.8,4.4,19,34,24,15,63552,94312,67.0,415,10.9,16,90399,0
37077,NC,2021,235885.4812,Granville,21,4.1,4.6,21,37,32,17,8371,14212,59.0,67,11.1,14,15440,45
37081,NC,2021,209977.9363,Guilford,19,3.7,4.5,18,35,21,17,97219,137596,71.0,606,11.4,16,119903,0
37083,NC,2021,75700.2277,Halifax,29,5.1,5.2,26,42,32,15,5470,11398,48.0,58,11.5,19,13162,28
37105,NC,2021,201459.7052,Lee,23,4.4,4.7,21,35,26,17,8694,15139,57.0,95,15.5,15,14601,40
37109,NC,2021,298073.2804,Lincoln,19,4.0,4.7,22,32,22,20,11723,19479,60.0,109,13.0,12,25132,65
37113,NC,2021,268456.4634,Madison,19,4.2,4.8,22,32,24,19,2954,4735,62.0,21,9.6,13,6227,72
37119,NC,2021,326515.8413,Mecklenburg,15,3.1,3.6,15,29,18,18,261283,340801,77.0,1037,9.5,16,231784,23
37123,NC,2021,172182.305,Montgomery,24,4.6,5.0,24,33,33,16,2701,5858,46.0,26,9.5,16,7626,29
37145,NC,2021,199976.4033,Person,22,4.4,4.9,22,34,28,17,5219,9042,58.0,53,13.4,17,12152,40
37149,NC,2021,304059.0208,Polk,16,3.7,4.5,18,33,28,20,2239,3604,62.0,44,21.3,13,6714,14
37151,NC,2021,201215.2462,Randolph,21,4.2,4.8,23,32,25,18,17851,33628,53.0,161,11.2,13,40599,65
37157,NC,2021,163840.8995,Rockingham,22,4.6,5.0,23,38,26,17,10876,20320,54.0,140,15.4,13,26008,22
37159,NC,2021,209907.3499,Rowan,21,4.4,4.8,21,37,24,17,19331,33743,57.0,194,13.7,14,36621,40
37161,NC,2021,168262.5937,Rutherford,22,4.5,5.0,24,33,26,17,7999,14553,55.0,142,21.2,14,19088,33
37163,NC,2021,121323.831,Sampson,27,4.8,5.1,24,39,30,16,7372,14794,50.0,91,14.3,18,16228,36
37165,NC,2021,96754.22706,Scotland,28,5.1,5.4,27,47,28,15,4145,8504,49.0,41,11.8,21,7817,28
37169,NC,2021,188778.439,Stokes,20,4.4,4.9,23,35,29,19,5115,9995,51.0,37,8.1,12,15185,77
37181,NC,2021,148815.4325,Vance,27,4.8,5.0,25,29,39,14,4605,10007,46.0,64,14.4,19,9529,29
37183,NC,2021,377620.2903,Wake,14,3.2,3.9,14,28,15,18,256627,318624,81.0,1062,9.7,13,255708,23
37185,NC,2021,192950.1542,Warren,26,4.7,5.0,24,47,25,15,1866,3977,47.0,25,12.6,16,5699,20
37187,NC,2021,99341.87917,Washington,27,4.8,5.1,25,40,34,15,1168,2089,56.0,24,20.2,19,3311,36
37189,NC,2021,375944.7727,Watauga,19,4.1,4.8,20,21,17,19,8344,10951,76.0,79,14.1,23,12658,78
37191,NC,2021,138742.5506,Wayne,24,4.5,4.9,22,40,29,15,18541,30780,60.0,161,13.1,15,30032,36
37193,NC,2021,177836.4558,Wilkes,23,4.6,5.1,25,39,30,17,8422,15165,56.0,96,14.0,14,21765,36
37199,NC,2021,235031.8695,Yancey,21,4.3,5.0,23,24,26,18,2048,3689,56.0,17,9.5,13,5507,79
31055,NE,2021,226248.85,Douglas,15,3.5,3.9,18,31,21,24,118533,161880,73.0,585,10.3,15,134569,4
31101,NE,2021,174832.4888,Keith,15,3.5,3.8,18,32,28,24,1152,1635,70.0,14,17.5,9,2671,14
31109,NE,2021,238874.0058,Lancaster,13,3.2,3.8,16,30,17,25,63865,82559,77.0,408,12.9,14,74344,9
31141,NE,2021,222059.6991,Platte,15,3.1,3.4,15,36,21,23,4878,7969,61.0,37,11.1,12,9381,39
31153,NE,2021,276719.2971,Sarpy,10,2.9,3.1,14,34,20,22,42329,52275,81.0,122,6.6,10,45679,41
31179,NE,2021,183538.7237,Wayne,13,2.9,3.5,16,37,21,26,1393,1896,73.0,10,10.6,14,2378,39
33001,NH,2021,352148.0532,Belknap,14,3.6,4.4,17,28,21,21,8568,12954,66.0,74,12.1,15,18918,25
33003,NH,2021,372403.4467,Carroll,14,3.7,4.3,17,28,23,22,5875,8870,66.0,60,12.3,15,17025,25
33005,NH,2021,266579.6873,Cheshire,14,3.6,4.5,17,32,21,22,10974,16748,66.0,73,9.5,16,20929,25
33007,NH,2021,176890.8233,Coos,19,4.2,5.0,20,37,26,20,3696,6964,53.0,38,12.0,14,9728,46
33009,NH,2021,287970.0199,Grafton,13,3.5,4.4,16,25,19,22,14415,20194,71.0,117,13.0,14,24081,25
33011,NH,2021,365991.4711,Hillsborough,12,3.4,4.2,16,29,22,19,75647,106169,71.0,389,9.4,15,106397,18
33013,NH,2021,338854.2629,Merrimack,13,3.3,4.4,17,28,20,21,24994,35465,70.0,213,14.1,14,41953,25
33015,NH,2021,442715.0806,Rockingham,11,3.5,4.1,14,27,18,23,54262,71610,76.0,297,9.6,13,94111,9
33017,NH,2021,345866.8815,Strafford,14,3.7,4.4,17,32,23,21,22683,31262,73.0,96,7.4,16,32335,25
33019,NH,2021,259160.1507,Sullivan,17,4.2,4.7,18,33,26,19,5446,9659,56.0,33,7.6,14,12701,15
34001,NJ,2021,261770.3378,Atlantic,19,4.3,4.7,18,33,32,17,37354,61535,61.0,221,8.3,24,67025,49
34003,NJ,2021,573869.7294,Bergen,14,3.3,4.0,13,22,24,18,179775,229537,78.0,942,10.1,21,220190,23
34005,NJ,2021,293587.6016,Burlington,15,4.0,4.5,16,30,25,20,80608,109950,73.0,386,8.7,15,125494,4
34007,NJ,2021,242266.6905,Camden,18,4.2,4.6,18,33,29,17,90494,133817,68.0,413,8.1,20,125229,35
34009,NJ,2021,554373.8888,Cape May,15,4.2,4.5,18,28,28,21,12224,18475,66.0,127,13.7,20,31189,26
34011,NJ,2021,189948.3997,Cumberland,25,5.3,4.9,23,37,32,18,16890,41973,40.0,151,10.0,24,33093,19
34013,NJ,2021,490848.4281,Essex,21,4.3,4.4,16,29,29,17,137887,218918,63.0,664,8.3,28,125777,67
34015,NJ,2021,268386.1,Gloucester,15,3.9,4.5,17,33,29,19,52272,72096,73.0,237,8.1,15,84056,54
34017,NJ,2021,534334.6819,Hudson,20,4.1,4.3,15,24,29,18,178365,245552,73.0,368,5.4,28,81934,67
34019,NJ,2021,481794.9915,Hunterdon,12,3.4,4.0,13,22,18,21,19519,24047,81.0,126,10.1,14,39081,81
34021,NJ,2021,312433.9943,Mercer,17,3.8,4.3,15,28,26,16,61054,92615,66.0,425,11.5,19,81925,0
34023,NJ,2021,424457.2515,Middlesex,15,3.7,3.8,13,26,26,16,167314,225121,74.0,555,6.7,20,180979,84
34025,NJ,2021,533276.6302,Monmouth,14,3.6,4.2,15,28,24,20,105464,137678,77.0,581,9.4,19,173580,84
34027,NJ,2021,519484.0838,Morris,12,3.4,3.9,12,22,21,20,93247,113779,82.0,546,11.0,15,134496,9
34029,NJ,2021,378579.5797,Ocean,16,4.1,4.8,18,28,30,19,84206,124940,67.0,442,7.3,20,180844,35
34031,NJ,2021,430240.3925,Passaic,22,4.7,4.6,16,27,28,17,71627,131194,55.0,373,7.4,30,87262,67
34033,NJ,2021,210018.0767,Salem,19,4.4,4.9,20,39,33,18,8421,14511,58.0,78,12.5,18,17019,45
34035,NJ,2021,489661.6721,Somerset,12,3.3,3.7,12,24,21,21,62658,78583,80.0,329,9.9,16,89574,9
34037,NJ,2021,326713.7778,Sussex,13,3.6,4.6,15,27,25,21,21985,30944,71.0,126,8.9,15,44328,25
34039,NJ,2021,474807.6788,Union,19,4.0,4.4,15,26,26,17,93204,146814,63.0,479,8.6,25,111350,67
34041,NJ,2021,317366.7548,Warren,15,3.9,4.6,17,32,28,21,16281,23509,69.0,101,9.5,15,29815,25
32510,NV,2021,415267.4147,White Pine,20,4.6,4.5,21,31,24,21,1201,2873,42.0,0,0.0,9,2657,58
32003,NV,2021,345105.5741,Churchill,19,4.5,4.6,20,32,28,22,3428,5729,60.0,22,9.0,16,6503,47
32005,NV,2021,618911.2147,Clark,22,4.4,4.2,18,27,23,17,363264,626650,58.0,789,3.5,20,421252,3
32031,NV,2021,482465.5473,Storey,16,4.1,4.5,18,28,25,22,527,754,70.0,0,0.0,7,1470,58
36001,NY,2021,270835.5381,Albany,13,3.3,4.1,17,28,20,22,58023,75215,77.0,453,14.8,15,71341,9
36003,NY,2021,104231.5085,Allegany,18,4.4,4.7,22,37,28,20,5820,9318,62.0,72,15.5,14,13678,7
36005,NY,2021,526585.1133,Bronx,29,4.8,4.5,18,29,30,16,212819,409835,52.0,387,2.7,39,99212,67
36007,NY,2021,136780.7979,Broome,17,4.1,4.7,22,30,23,22,27562,41311,67.0,220,11.5,16,51189,2
36009,NY,2021,117484.1831,Cattaraugus,20,4.7,4.8,24,39,29,21,9267,16677,56.0,114,14.8,14,22778,11
36011,NY,2021,166324.2123,Cayuga,17,4.2,4.6,23,34,25,23,10710,18519,58.0,81,10.5,13,22251,46
36013,NY,2021,130852.2552,Chautauqua,18,4.2,4.7,24,34,27,22,16583,28554,58.0,222,17.4,16,36755,51
36015,NY,2021,129055.4484,Chemung,18,4.3,4.6,24,35,30,20,12430,20474,61.0,99,11.8,14,23217,46
36017,NY,2021,128583.0765,Chenango,18,4.3,4.8,23,39,24,20,5883,10457,56.0,51,10.7,14,15414,46
36019,NY,2021,171827.4835,Clinton,17,4.2,4.6,22,36,28,22,10445,19603,53.0,59,7.3,14,20810,46
36021,NY,2021,343172.8976,Columbia,15,4.0,4.2,20,27,22,22,7842,12989,60.0,61,10.2,15,18403,25
36023,NY,2021,156612.8291,Cortland,17,4.2,4.7,22,34,25,21,6410,10343,62.0,53,11.1,14,11648,46
36025,NY,2021,192306.6614,Delaware,18,4.4,4.8,23,32,26,22,4734,8649,55.0,59,13.3,17,14010,46
36027,NY,2021,366000.5133,Dutchess,15,3.6,4.3,16,28,20,22,46433,68052,68.0,224,7.6,20,74540,26
36029,NY,2021,215493.534,Erie,17,4.0,4.5,19,30,24,23,169573,232145,73.0,931,10.1,15,251583,16
36031,NY,2021,219160.5592,Essex,16,4.1,4.0,19,30,23,21,4835,8672,56.0,57,15.3,13,11903,32
36033,NY,2021,145687.1299,Franklin,19,4.2,4.6,23,39,26,22,6561,12840,51.0,51,10.1,14,13577,46
36035,NY,2021,167652.9542,Fulton,19,4.6,4.8,24,36,28,20,7007,12611,56.0,49,9.1,14,15942,46
36037,NY,2021,167401.0414,Genesee,16,4.2,4.6,23,34,31,20,8903,13659,65.0,71,12.3,12,17168,7
36039,NY,2021,272549.559,Greene,17,4.3,4.5,23,31,26,22,5232,10854,48.0,43,9.1,18,12796,47
36041,NY,2021,216414.0267,Hamilton,17,4.1,4.7,21,30,21,24,404,681,59.0,9,20.3,14,1003,51
36043,NY,2021,144020.8849,Herkimer,17,4.3,4.5,25,34,27,25,8195,13443,61.0,68,11.0,12,18052,46
36045,NY,2021,171503.9698,Jefferson,17,3.9,4.1,20,36,25,21,20493,32083,64.0,123,11.0,14,24135,32
36047,NY,2021,804302.9767,Kings,19,3.9,4.2,15,24,24,18,568208,833363,68.0,1360,5.3,34,288632,66
36049,NY,2021,156722.2757,Lewis,17,4.1,4.3,22,36,28,22,3387,5964,57.0,42,15.9,12,8282,7
36051,NY,2021,176593.626,Livingston,17,4.1,4.5,21,37,24,20,8690,13644,64.0,76,12.0,15,18054,46
36053,NY,2021,177169.408,Madison,14,3.5,4.6,20,31,23,23,9337,14799,63.0,67,9.5,12,20016,32
36055,NY,2021,191989.0699,Monroe,16,3.8,4.3,18,31,21,21,138709,188337,74.0,664,8.9,16,191783,4
36057,NY,2021,157528.6489,Montgomery,20,4.5,4.7,23,35,29,20,6933,11825,59.0,43,8.7,16,13455,46
36059,NY,2021,645232.0868,Nassau,13,3.1,3.7,12,24,20,19,241917,319122,76.0,1117,8.2,21,360578,23
36061,NY,2021,1308216.954,New York,16,3.6,4.1,12,16,17,24,504867,598592,84.0,2137,13.1,24,182796,64
36063,NY,2021,183662.8496,Niagara,18,4.2,4.7,23,32,28,20,33191,49720,67.0,218,10.4,13,62543,70
36065,NY,2021,171157.893,Oneida,19,4.5,4.5,21,33,25,19,33814,53935,63.0,245,10.7,15,60547,70
36067,NY,2021,182397.508,Onondaga,15,3.9,4.7,17,32,21,22,81268,113373,72.0,492,10.7,15,119871,4
36069,NY,2021,223111.8738,Ontario,13,3.4,4.2,18,32,21,21,17957,23908,75.0,102,9.3,12,33054,68
36071,NY,2021,333482.5688,Orange,17,3.8,4.0,17,29,26,21,55801,89106,63.0,278,7.3,22,85584,26
36073,NY,2021,146867.4588,Orleans,21,4.9,5.0,25,37,32,20,5450,10075,54.0,49,12.1,14,12520,11
36075,NY,2021,146912.7907,Oswego,18,4.3,4.9,24,37,26,22,15876,27088,59.0,110,9.3,15,33965,46
36077,NY,2021,167751.4487,Otsego,16,4.1,4.5,20,29,23,23,7562,11457,66.0,76,12.7,16,16892,2
36079,NY,2021,422899.9897,Putnam,13,3.2,3.7,15,23,19,22,15274,22281,69.0,78,7.9,17,28513,81
36081,NY,2021,697848.6476,Queens,19,3.7,3.6,14,24,28,16,446992,685516,65.0,1104,4.8,32,348732,66
36083,NY,2021,240493.1914,Rensselaer,15,3.8,4.5,20,30,21,25,29246,41038,71.0,132,8.3,14,40771,2
36085,NY,2021,596988.1078,Richmond,17,3.9,4.2,19,29,26,19,86099,123519,70.0,204,4.3,24,115265,67
36087,NY,2021,529473.0262,Rockland,16,3.6,3.9,15,23,24,18,46290,73230,63.0,351,10.8,27,68591,67
36089,NY,2021,114657.2428,Saratoga,13,3.6,4.0,18,28,18,24,43061,55459,78.0,179,7.8,11,68158,68
36091,NY,2021,334515.0247,Schenectady,16,3.7,4.3,17,31,21,20,25864,38750,67.0,119,7.7,15,35654,25
36093,NY,2021,221664.3524,Schoharie,16,4.2,4.4,22,36,26,21,3951,6510,61.0,21,6.8,14,9522,15
36095,NY,2021,182995.0139,Schuyler,17,4.1,4.5,22,32,26,23,2268,3952,57.0,15,8.4,15,5505,47
36097,NY,2021,190622.3367,Seneca,19,4.2,4.6,24,38,30,21,4230,8609,49.0,39,11.4,11,10022,46
36099,NY,2021,160929.9324,St. Lawrence,19,4.5,4.6,22,36,28,23,13989,24423,57.0,107,9.9,15,30596,46
36101,NY,2021,136824.5003,Steuben,17,4.1,4.7,21,35,26,20,13829,22263,62.0,106,11.1,12,28995,46
36103,NY,2021,538140.1204,Suffolk,14,3.5,4.0,15,26,22,21,237115,349653,68.0,1004,6.8,22,394236,23
36105,NY,2021,224307.0864,Sullivan,20,4.6,4.4,24,36,29,19,9454,17338,55.0,77,10.2,18,19255,77
36107,NY,2021,156099.102,Tioga,15,3.9,4.5,21,32,25,21,6416,10567,61.0,57,11.7,11,15409,32
36109,NY,2021,262973.8692,Tompkins,13,3.5,4.4,17,23,15,22,19307,23400,83.0,107,10.4,21,21755,26
36111,NY,2021,317828.9687,Ulster,16,4.0,4.4,18,29,20,21,27571,42784,64.0,177,9.9,20,47321,26
36113,NY,2021,267829.1645,Warren,15,3.9,4.2,21,30,22,22,9661,14419,67.0,81,12.6,14,19820,32
36115,NY,2021,194056.4119,Washington,18,4.2,4.6,25,35,26,21,8155,14798,55.0,57,9.3,15,17782,46
36117,NY,2021,174031.0945,Wayne,16,4.3,4.6,23,37,31,18,12809,19963,64.0,92,10.2,12,28071,72
36119,NY,2021,667383.636,Westchester,14,3.3,3.7,13,22,19,19,169610,234081,72.0,829,8.6,24,214474,30
36121,NY,2021,162513.3049,Wyoming,18,4.3,4.6,23,38,26,23,5703,10119,56.0,61,15.2,10,12241,7
36123,NY,2021,231863.7667,Yates,16,4.0,4.5,19,32,29,20,2718,4993,54.0,29,11.7,15,7137,15
39003,OH,2021,142753.459,Allen,19,4.5,5.0,24,36,27,17,15170,24887,61.0,169,16.5,14,27263,40
39007,OH,2021,138499.3508,Ashtabula,23,4.9,5.4,28,37,31,18,10039,22367,45.0,122,12.5,15,26680,53
39015,OH,2021,193794.1802,Brown,20,4.6,5.1,25,32,31,18,5522,10184,54.0,26,6.0,13,12901,77
39017,OH,2021,231408.286,Butler,17,4.3,4.8,21,32,23,19,58315,90458,64.0,318,8.3,13,94762,70
39021,OH,2021,185320.8664,Champaign,18,4.4,5.1,24,36,35,19,4212,8850,48.0,44,11.4,10,11091,53
39023,OH,2021,143422.6834,Clark,21,4.8,5.2,26,37,30,17,17237,30208,57.0,146,10.8,13,36093,62
39025,OH,2021,248071.6086,Clermont,17,4.1,4.7,22,38,29,19,33311,50819,66.0,152,7.4,11,57854,72
39029,OH,2021,125158.8106,Columbiana,21,4.5,5.3,27,36,30,17,12441,23784,52.0,166,16.2,12,30536,22
39035,OH,2021,162344.0615,Cuyahoga,19,4.2,5.0,21,32,25,20,219153,315871,69.0,1140,9.2,17,315059,16
39037,OH,2021,161441.4766,Darke,18,4.3,5.0,24,37,31,19,6221,11211,55.0,87,17.0,11,15186,7
39039,OH,2021,149306.4817,Defiance,18,4.2,4.7,23,39,33,19,5381,9039,60.0,58,15.2,9,11669,7
39041,OH,2021,393376.9575,Delaware,12,3.1,4.1,15,30,18,19,42861,50427,85.0,171,8.3,9,56957,41
39043,OH,2021,177884.1674,Erie,18,4.3,4.9,22,34,29,18,10410,16465,63.0,94,12.6,12,21593,7
39045,OH,2021,262408.4156,Fairfield,16,3.9,4.5,21,37,26,17,25526,38253,67.0,158,10.1,12,41654,72
39047,OH,2021,178142.5038,Fayette,22,4.9,5.5,27,36,35,17,3358,6802,49.0,30,10.5,14,7642,53
39049,OH,2021,230916.7045,Franklin,16,3.7,4.6,19,30,22,18,294081,407115,72.0,1241,9.5,16,273045,16
39051,OH,2021,182452.3206,Fulton,19,4.4,4.9,22,32,27,19,6035,9621,63.0,63,14.9,11,13050,7
39053,OH,2021,131814.9633,Gallia,23,5.2,5.4,27,41,33,17,3860,6923,56.0,38,12.7,15,8631,36
39055,OH,2021,296823.0865,Geauga,15,3.7,4.3,19,26,17,19,12224,17660,69.0,88,9.4,12,30466,25
39057,OH,2021,226260.5992,Greene,16,3.8,4.6,19,31,22,18,31443,41017,77.0,158,9.4,13,43356,70
39059,OH,2021,126860.2543,Guernsey,22,5.0,5.6,27,36,32,16,4611,8939,52.0,64,16.4,14,11591,36
39061,OH,2021,207064.2917,Hamilton,18,4.0,4.6,20,31,23,20,157847,218588,72.0,854,10.5,17,197984,74
39063,OH,2021,188397.6455,Hancock,16,3.8,4.7,20,36,27,19,13113,19070,69.0,104,13.7,10,21977,7
39065,OH,2021,146195.092,Hardin,20,4.7,5.0,25,38,37,17,3319,6675,50.0,38,12.1,12,8297,53
39067,OH,2021,123578.1389,Harrison,21,4.8,5.2,27,38,28,17,1655,3126,53.0,24,15.8,11,4909,22
39069,OH,2021,159468.6531,Henry,17,4.2,4.7,22,34,27,19,4009,6403,63.0,44,16.2,8,8505,7
39071,OH,2021,151494.94,Highland,22,4.9,5.2,27,35,30,17,4394,9893,44.0,51,11.8,16,11478,53
39073,OH,2021,196287.9321,Hocking,19,4.6,5.3,26,40,35,18,3361,6428,52.0,24,8.5,11,8479,53
39077,OH,2021,145770.8138,Huron,20,4.5,5.3,26,41,26,18,7308,13728,53.0,74,12.6,12,16263,11
39079,OH,2021,105200.5909,Jackson,23,5.1,5.4,27,43,35,16,4301,8096,53.0,39,12.0,13,8847,20
39085,OH,2021,187908.9324,Lake,16,3.8,4.5,21,27,22,21,36788,53532,69.0,201,8.7,11,71515,70
39089,OH,2021,245813.4891,Licking,17,3.9,4.7,21,33,24,19,27604,41148,67.0,175,10.0,11,46688,70
39093,OH,2021,189611.5545,Lorain,18,4.2,4.8,21,36,26,18,47554,71617,66.0,294,9.5,13,86989,70
39095,OH,2021,132335.4179,Lucas,20,4.6,5.1,24,37,27,17,72891,110675,66.0,418,9.7,15,107464,8
39097,OH,2021,237747.0409,Madison,19,4.4,4.9,24,33,28,20,6298,12299,51.0,38,8.6,10,10687,46
39099,OH,2021,121726.0377,Mahoning,20,4.4,5.0,23,33,32,17,32495,52435,62.0,298,13.0,13,67633,8
39103,OH,2021,259334.4189,Medina,14,3.6,4.4,18,27,22,18,30069,41603,72.0,168,9.4,10,55128,68
39113,OH,2021,148428.8067,Montgomery,20,4.5,5.0,22,36,27,19,90915,132210,69.0,575,10.8,15,136792,74
39119,OH,2021,150520.5481,Muskingum,21,4.6,5.3,26,38,32,16,11192,20356,55.0,117,13.6,13,23372,22
39123,OH,2021,220542.9863,Ottawa,18,4.2,4.9,21,40,27,19,5490,8030,68.0,57,14.0,10,14231,7
39125,OH,2021,129264.0983,Paulding,18,4.4,5.0,24,40,30,18,2288,4279,53.0,23,12.3,12,6086,22
39127,OH,2021,160163.0494,Perry,22,5.2,5.6,28,39,35,22,4518,8599,53.0,33,9.2,13,9950,53
39129,OH,2021,242888.1332,Pickaway,19,4.4,5.0,24,35,29,18,7962,15447,52.0,46,7.9,10,14698,72
39131,OH,2021,143795.838,Pike,24,5.1,5.7,28,42,34,18,3090,6674,46.0,20,7.1,14,7100,5
39133,OH,2021,210125.8669,Portage,17,4.4,4.7,21,28,25,19,23771,35576,67.0,141,8.7,14,42987,70
39135,OH,2021,169397.9227,Preble,18,4.4,5.1,24,37,26,20,5407,9379,58.0,34,8.3,10,12733,46
39137,OH,2021,197944.3911,Putnam,16,3.6,4.5,19,38,23,21,5164,7538,69.0,46,13.6,7,10873,32
39139,OH,2021,139913.5782,Richland,21,4.6,5.0,26,36,32,17,15905,29362,54.0,178,14.7,12,32633,22
39141,OH,2021,164627.2924,Ross,22,5.0,5.6,27,39,32,17,10329,19970,52.0,79,10.3,13,20428,53
39143,OH,2021,141716.5393,Sandusky,19,4.3,4.9,24,35,27,18,8039,13611,59.0,75,12.8,11,17144,7
39147,OH,2021,136187.9041,Seneca,19,4.4,5.1,25,38,28,18,7530,12762,59.0,80,14.5,11,15642,22
39149,OH,2021,180341.999,Shelby,18,4.2,5.0,24,34,27,20,6874,11301,61.0,52,10.7,10,13246,46
39151,OH,2021,163234.8213,Stark,19,4.3,5.0,24,37,28,19,54825,86217,64.0,452,12.2,12,104660,8
39153,OH,2021,168392.4205,Summit,17,3.9,4.8,23,31,26,17,92855,134643,69.0,610,11.3,14,147876,74
39155,OH,2021,118147.0167,Trumbull,21,4.7,5.4,27,39,28,17,22743,44771,51.0,245,12.3,13,60431,22
39157,OH,2021,168250.7781,Tuscarawas,20,4.3,4.8,25,35,26,20,10615,21519,49.0,161,17.5,12,25905,51
39159,OH,2021,316210.4626,Union,15,3.5,4.3,19,35,24,18,11249,15947,71.0,66,11.4,11,15862,32
39161,OH,2021,136124.5498,Van Wert,19,4.3,4.9,24,40,28,19,4098,6457,63.0,46,16.3,9,8899,7
39165,OH,2021,308675.4423,Warren,14,3.4,4.1,17,28,21,17,42576,57511,74.0,201,8.7,9,64425,68
39167,OH,2021,168318.5739,Washington,20,4.7,5.2,25,36,30,19,8134,13636,60.0,75,12.5,11,18553,11
39169,OH,2021,190864.0002,Wayne,18,4.5,5.2,23,32,24,16,13920,26269,53.0,164,14.1,13,31974,65
39171,OH,2021,137890.2632,Williams,19,4.5,5.0,24,38,28,20,5063,8708,58.0,62,16.8,10,11620,7
39173,OH,2021,195294.0223,Wood,17,3.8,4.9,21,35,24,19,22398,30275,74.0,157,12.0,13,33012,70
39175,OH,2021,154715.9955,Wyandot,18,4.3,4.9,24,34,24,19,2899,5028,58.0,43,19.6,10,6726,51
40001,OK,2021,111488.734,Adair,33,6.8,6.2,32,43,22,13,1802,5325,34.0,19,8.6,16,5356,37
40009,OK,2021,117289.1654,Beckham,21,4.7,4.9,21,34,26,15,3100,6236,50.0,35,16.1,9,5020,22
40011,OK,2021,83829.24427,Blaine,23,4.9,5.1,23,35,31,15,1033,2473,42.0,20,21.1,9,2861,33
40013,OK,2021,179676.1172,Bryan,23,5.0,5.2,25,33,30,15,6505,11811,55.0,49,10.4,15,10733,57
40015,OK,2021,92392.41723,Caddo,25,5.1,5.2,25,43,32,14,3190,7420,43.0,39,13.5,11,7355,20
40017,OK,2021,210590.2316,Canadian,17,4.0,4.5,18,36,25,16,26749,41099,65.0,97,6.7,11,33862,54
40019,OK,2021,132637.3577,Carter,22,4.5,5.1,23,36,37,14,6681,12165,55.0,56,11.6,15,12521,29
40021,OK,2021,155594.3903,Cherokee,26,5.8,5.8,27,42,32,14,6232,11371,55.0,28,5.8,15,11391,56
40023,OK,2021,95641.72648,Choctaw,29,6.0,6.0,29,34,42,14,1573,3225,49.0,17,11.6,16,4136,56
40027,OK,2021,198041.0355,Cleveland,17,4.3,4.9,18,36,22,16,55617,77813,71.0,223,7.9,15,67586,70
40029,OK,2021,91142.1118,Coal,26,5.6,5.6,27,29,28,15,568,1160,49.0,7,12.7,12,1649,83
40031,OK,2021,116282.0331,Comanche,22,4.6,5.1,22,33,28,15,21060,35439,59.0,110,9.1,15,22762,8
40033,OK,2021,81662.78386,Cotton,23,5.0,5.3,24,33,38,16,505,1222,41.0,8,13.9,12,1707,53
40035,OK,2021,125317.5539,Craig,25,5.5,5.5,27,33,35,14,1709,3451,50.0,22,15.4,13,3769,1
40037,OK,2021,171841.5298,Creek,22,4.9,5.2,23,35,26,15,8590,17007,51.0,76,10.6,13,19438,83
40039,OK,2021,130119.1981,Custer,22,4.8,4.9,21,39,31,14,4414,6832,65.0,48,16.5,15,6668,36
40041,OK,2021,212949.3092,Delaware,26,5.7,5.6,25,32,33,15,3915,8640,45.0,37,8.7,15,12662,5
40045,OK,2021,91057.42166,Ellis,21,4.7,5.1,23,35,23,15,529,851,62.0,11,27.8,10,1198,33
40047,OK,2021,113759.2773,Garfield,21,4.7,4.7,21,35,29,15,8658,16270,53.0,87,14.3,12,15488,22
40049,OK,2021,102151.5781,Garvin,24,5.1,5.3,26,32,33,14,2978,6772,44.0,37,13.3,12,7241,1
40051,OK,2021,178019.1019,Grady,19,4.4,4.9,21,34,30,14,7456,13583,55.0,64,11.5,10,15313,72
40053,OK,2021,86459.96592,Grant,18,4.1,4.6,20,30,27,16,486,902,54.0,9,20.8,4,1330,33
40061,OK,2021,116082.8638,Haskell,25,5.5,5.5,27,30,29,14,1470,2921,50.0,13,10.3,14,3685,83
40065,OK,2021,85054.89732,Jackson,23,4.7,5.0,20,38,24,15,4169,6898,60.0,27,10.8,14,5710,8
40067,OK,2021,50698.26408,Jefferson,26,5.5,5.5,26,43,27,14,623,1374,45.0,7,11.4,10,1710,20
40069,OK,2021,106190.6807,Johnston,24,5.4,5.5,26,39,26,14,1244,2440,51.0,14,12.8,10,3137,83
40071,OK,2021,90719.76745,Kay,23,5.1,5.3,23,40,32,15,5697,10438,55.0,66,14.9,12,11879,36
40073,OK,2021,192548.8797,Kingfisher,20,4.3,4.8,21,38,34,16,1931,3779,51.0,25,15.8,8,4280,22
40077,OK,2021,116050.8564,Latimer,24,5.3,5.4,26,37,34,15,1137,2218,51.0,12,11.7,12,2854,1
40079,OK,2021,120544.0633,Le Flore,26,5.6,5.5,28,39,36,14,5536,12175,45.0,36,7.2,12,12966,56
40081,OK,2021,137564.5418,Lincoln,21,4.7,5.4,23,39,30,15,3793,7845,48.0,33,9.5,11,10166,62
40083,OK,2021,241944.299,Logan,19,4.5,4.8,20,34,26,15,6983,11291,62.0,43,9.1,13,12858,72
40085,OK,2021,148363.2786,Love,23,4.8,5.2,23,27,30,15,1069,2323,46.0,11,10.9,9,2505,83
40093,OK,2021,125040.158,McClain,18,4.3,4.6,20,36,31,16,6370,9917,64.0,44,11.0,11,11455,72
40095,OK,2021,155483.1469,McCurtain,28,5.7,5.7,27,38,38,13,3393,7689,44.0,35,10.7,13,8956,56
40097,OK,2021,169213.3459,McIntosh,26,5.5,5.7,27,33,35,14,1547,3971,39.0,14,7.1,14,6531,5
40087,OK,2021,226280.2518,Major,19,4.2,4.8,21,43,30,16,982,1693,58.0,18,23.5,9,2479,33
40089,OK,2021,161295.9681,Marshall,24,5.1,5.1,24,42,26,15,1591,3416,47.0,20,11.9,11,4499,20
40091,OK,2021,134713.7463,Mayes,24,5.5,5.7,27,38,32,14,4658,9566,49.0,59,14.4,13,11651,1
40099,OK,2021,113024.2838,Murray,22,4.9,5.3,24,33,31,15,1578,3236,49.0,13,9.3,11,3678,83
40101,OK,2021,113243.9356,Muskogee,25,5.2,5.6,26,40,30,13,9091,17200,53.0,71,10.4,15,17133,57
40103,OK,2021,110359.6102,Noble,19,4.5,4.9,22,39,27,16,1317,2604,51.0,18,15.9,9,3469,22
40105,OK,2021,117743.4015,Nowata,23,5.2,5.5,26,43,33,16,1266,2375,53.0,11,10.8,13,3023,20
40107,OK,2021,92213.50153,Okfuskee,28,5.9,5.8,29,59,42,14,1270,2986,43.0,9,7.4,15,2831,76
40109,OK,2021,173241.6097,Oklahoma,21,4.4,4.9,19,33,26,15,142138,224826,63.0,840,10.6,16,177555,74
40111,OK,2021,96366.28849,Okmulgee,25,5.1,5.5,26,35,32,14,4897,8834,55.0,47,12.3,13,10452,57
40113,OK,2021,163683.0129,Osage,22,4.8,5.1,24,37,26,15,5942,10854,55.0,45,9.6,12,14304,62
40115,OK,2021,97418.0264,Ottawa,26,5.5,5.5,28,37,28,14,3497,7192,49.0,44,14.1,15,8170,1
40117,OK,2021,120465.2627,Pawnee,22,4.9,5.2,25,42,34,16,1716,3682,47.0,19,11.6,12,4672,20
40119,OK,2021,184171.834,Payne,20,4.5,5.0,21,32,21,15,13398,19319,69.0,103,12.6,23,15910,44
40121,OK,2021,114681.4064,Pittsburg,23,5.2,5.3,27,35,27,15,5735,11229,51.0,47,10.7,12,12913,83
40123,OK,2021,141023.2342,Pontotoc,21,5.0,5.1,23,35,32,14,5863,9821,60.0,53,13.9,12,9414,22
40125,OK,2021,135879.1357,Pottawatomie,22,5.0,5.5,25,36,31,15,10071,18150,55.0,86,11.8,13,18006,57
40131,OK,2021,217901.4848,Rogers,18,4.3,4.7,22,36,28,16,13994,22372,63.0,86,9.3,11,27177,72
40133,OK,2021,82333.66559,Seminole,26,5.5,5.9,26,33,33,14,3093,5641,55.0,26,10.6,14,6339,1
40135,OK,2021,134110.0864,Sequoyah,28,5.9,5.9,29,34,36,14,4544,9720,47.0,26,6.3,15,11120,56
40137,OK,2021,97364.73572,Stephens,21,4.8,5.2,22,37,29,15,5042,10447,48.0,73,16.9,12,12108,22
40143,OK,2021,188324.5144,Tulsa,20,4.5,4.9,19,31,26,15,115483,178495,65.0,755,11.6,15,148594,74
40145,OK,2021,219214.8428,Wagoner,19,4.6,4.8,22,38,29,15,12871,20360,63.0,36,4.5,11,22966,72
40147,OK,2021,137749.6256,Washington,19,4.5,4.9,21,36,30,15,7132,12291,58.0,71,13.7,11,14487,22
40153,OK,2021,116160.9754,Woodward,20,4.4,4.8,22,32,32,16,2665,5726,47.0,27,13.4,11,5340,22
41003,OR,2021,449357.0155,Benton,16,4.1,4.8,15,22,14,18,18052,21199,85.0,116,12.6,22,20438,78
41005,OR,2021,544789.6276,Clackamas,15,4.0,4.6,17,28,16,22,76452,103920,74.0,372,8.9,16,111885,4
41009,OR,2021,403589.1384,Columbia,18,4.9,5.1,21,34,23,24,6950,12141,57.0,38,7.3,14,14832,42
41013,OR,2021,400098.0736,Crook,21,5.1,5.3,21,33,23,20,2981,5058,59.0,27,11.3,19,6925,42
41015,OR,2021,418270.3831,Curry,19,4.7,5.0,20,36,26,21,2237,4100,55.0,21,9.2,18,7526,42
41017,OR,2021,581365.3839,Deschutes,15,4.1,4.6,16,26,16,22,35626,48860,73.0,190,9.9,19,49809,78
41019,OR,2021,287535.4947,Douglas,21,5.0,5.4,22,34,21,21,13377,23315,57.0,117,10.6,16,30986,42
41027,OR,2021,591533.3415,Hood River,20,4.6,4.7,17,30,19,20,3443,5894,58.0,32,13.7,17,5782,78
41029,OR,2021,397708.1158,Jackson,19,4.8,4.9,21,27,16,20,33309,52361,64.0,215,9.8,21,55792,78
41031,OR,2021,357038.9875,Jefferson,23,5.4,5.5,22,37,25,21,3049,5490,56.0,20,8.3,16,5510,42
41033,OR,2021,370802.3176,Josephine,22,5.2,5.6,23,32,23,18,10186,17919,57.0,69,7.9,23,24116,42
41035,OR,2021,234680.1674,Klamath,21,5.0,5.4,22,30,23,22,8984,15574,58.0,72,10.6,19,17924,42
41039,OR,2021,392904.0804,Lane,18,4.8,5.3,17,29,16,21,65347,93127,70.0,362,9.5,21,89359,78
41041,OR,2021,398394.7106,Lincoln,19,4.8,5.2,20,36,25,21,5614,9491,59.0,50,10.1,19,13977,42
41045,OR,2021,226634.3562,Malheur,26,5.6,5.3,22,40,23,20,3757,7796,48.0,30,9.8,21,5865,42
41047,OR,2021,381240.6242,Marion,21,4.7,4.9,18,35,18,17,51113,89936,57.0,350,10.1,19,71101,44
41051,OR,2021,488134.9458,Multnomah,17,4.5,4.9,16,24,14,24,221688,283015,78.0,939,11.6,22,177889,30
41053,OR,2021,401441.7794,Polk,18,4.8,5.0,18,35,19,19,13422,19427,69.0,67,7.9,18,20081,44
41067,OR,2021,508593.6172,Washington,15,3.8,4.4,13,29,14,20,137568,181080,76.0,429,7.2,17,135022,52
41071,OR,2021,445150.0726,Yamhill,18,4.7,4.7,18,35,24,21,16879,26436,64.0,97,9.1,17,25772,42
42001,PA,2021,255838.0348,Adams,17,4.1,4.8,20,31,23,21,12844,21881,59.0,125,12.2,11,30692,65
42003,PA,2021,200923.1323,Allegheny,16,3.8,4.6,18,29,20,22,264026,328931,80.0,1487,12.2,14,348130,16
42005,PA,2021,128604.5879,Armstrong,19,4.3,5.2,23,44,34,22,7932,14334,55.0,127,19.5,10,21373,7
42007,PA,2021,156633.5514,Beaver,17,4.0,5.0,21,37,24,20,26361,38106,69.0,244,14.8,11,52043,7
42009,PA,2021,188720.2756,Bedford,19,4.5,5.2,24,31,27,20,4828,10079,48.0,88,18.3,11,15722,51
42011,PA,2021,223978.9687,Berks,19,4.0,4.6,20,34,22,21,58186,99445,59.0,479,11.4,15,110655,70
42013,PA,2021,164980.8852,Blair,18,4.2,5.2,24,32,25,21,17087,29244,58.0,227,18.5,14,36377,51
42017,PA,2021,390877.1468,Bucks,13,3.1,4.4,16,28,18,23,105170,142530,74.0,483,7.7,15,183853,4
42029,PA,2021,421833.2681,Chester,13,3.1,4.1,15,22,14,22,95746,123421,78.0,507,9.7,14,143192,9
42033,PA,2021,135045.6867,Clearfield,21,4.7,5.3,24,43,30,22,8765,19160,46.0,143,18.0,12,23992,11
42037,PA,2021,209690.5699,Columbia,18,4.3,5.2,22,36,34,21,8365,13568,62.0,97,14.8,12,18259,7
42039,PA,2021,140517.3234,Crawford,20,4.7,5.4,23,39,22,22,9545,18509,52.0,129,15.2,12,25633,11
42041,PA,2021,254313.6606,Cumberland,15,3.6,4.6,18,27,20,20,43434,63244,69.0,350,13.9,11,70210,25
42043,PA,2021,201889.3349,Dauphin,18,3.8,4.8,20,33,23,19,45155,70170,64.0,513,18.5,14,70933,65
42045,PA,2021,271946.9893,Delaware,16,3.7,4.7,18,27,18,22,98465,140620,70.0,459,8.1,16,142562,4
42049,PA,2021,155244.6187,Erie,18,4.2,5.1,21,33,24,22,41028,66483,62.0,357,13.1,14,72878,46
42051,PA,2021,130301.9614,Fayette,21,4.6,5.3,24,37,28,21,15764,30573,52.0,182,14.0,13,40804,11
42077,PA,2021,256058.3732,Lehigh,19,4.1,4.7,18,31,17,22,59526,92948,64.0,377,10.2,16,89359,2
42079,PA,2021,166151.5819,Luzerne,20,4.4,5.2,21,33,28,22,44742,76411,59.0,340,10.7,14,87431,46
42081,PA,2021,189729.1413,Lycoming,18,4.2,4.8,22,39,22,19,16488,27703,60.0,186,16.4,14,31581,65
42091,PA,2021,372589.5796,Montgomery,14,3.3,4.4,14,25,18,22,162158,205054,79.0,927,11.2,15,226985,23
42101,PA,2021,208270.2212,Philadelphia,24,4.8,5.6,22,29,23,21,310549,494024,63.0,1197,7.6,23,318872,13
42117,PA,2021,174916.5627,Tioga,19,4.4,5.3,23,35,24,21,4601,8868,52.0,63,15.5,12,11877,11
42121,PA,2021,110527.0744,Venango,19,4.6,5.4,24,36,27,22,5608,10939,51.0,103,20.1,10,16549,51
42125,PA,2021,197074.4421,Washington,16,3.9,4.8,19,38,22,22,32735,46619,70.0,293,14.1,10,64232,32
42127,PA,2021,232280.7724,Wayne,18,4.1,4.9,21,30,26,22,5981,11447,52.0,54,10.5,15,15259,47
42131,PA,2021,206519.6425,Wyoming,17,4.2,5.0,23,31,31,22,3208,5980,54.0,22,8.1,12,8333,47
42133,PA,2021,226104.942,York,17,3.9,4.7,21,31,21,18,65198,108687,60.0,553,12.3,13,129109,70
44001,RI,2021,458125.3674,Bristol,12,3.6,4.2,14,23,19,20,8351,10101,83.0,51,10.5,16,13592,81
44003,RI,2021,312789.4937,Kent,15,4.1,4.8,19,30,23,20,29683,41227,72.0,157,9.6,16,48692,70
44005,RI,2021,549252.5903,Newport,12,3.3,4.0,15,25,19,25,14906,19263,77.0,97,11.8,16,21993,9
44007,RI,2021,326778.1999,Providence,19,4.5,4.4,18,30,25,19,108476,174077,62.0,606,9.5,19,128897,35
44009,RI,2021,479113.7781,Washington,13,3.8,4.2,16,26,19,24,18028,23906,75.0,145,11.5,15,36318,9
45001,SC,2021,158034.9021,Abbeville,22,4.8,5.4,23,37,28,17,2770,5077,55.0,29,11.8,14,7248,62
45003,SC,2021,185961.7498,Aiken,19,4.1,4.7,19,36,28,19,22782,40998,56.0,166,9.8,13,49051,15
45007,SC,2021,201887.9478,Anderson,19,4.2,4.9,20,35,29,16,29025,47488,61.0,258,12.9,13,55081,8
45011,SC,2021,132072.7774,Barnwell,25,5.0,5.2,23,41,31,15,2415,4663,52.0,33,15.6,15,5815,36
45013,SC,2021,392145.3565,Beaufort,14,3.6,3.9,16,25,17,25,25240,39465,64.0,165,8.7,17,52424,9
45015,SC,2021,290396.6132,Berkeley,18,4.2,4.6,17,38,25,19,39668,60003,66.0,147,6.6,14,55295,54
45017,SC,2021,182386.51,Calhoun,21,4.3,4.9,20,45,35,18,2042,3419,60.0,19,13.1,18,4963,45
45019,SC,2021,410283.6037,Charleston,14,3.4,4.4,14,29,20,24,88836,120342,74.0,471,11.6,18,97986,9
45023,SC,2021,166760.6498,Chester,23,5.0,5.1,24,43,34,18,3594,7367,49.0,50,15.5,14,9628,36
45025,SC,2021,133306.3167,Chesterfield,25,4.9,5.2,25,38,34,14,4567,10564,43.0,58,12.7,15,12723,57
45027,SC,2021,167391.405,Clarendon,25,4.9,5.3,23,41,32,15,3407,7233,47.0,38,11.3,14,10133,20
45053,SC,2021,297399.4643,Jasper,24,4.7,5.0,23,37,25,17,3136,7438,42.0,18,6.2,18,7366,77
45055,SC,2021,195055.4752,Kershaw,19,4.4,5.0,20,38,27,18,8791,15294,57.0,77,11.7,13,20509,8
45057,SC,2021,299010.9608,Lancaster,18,4.0,4.3,19,32,26,18,14343,23295,62.0,113,11.8,11,27019,15
45059,SC,2021,164800.2927,Laurens,23,4.8,5.5,24,37,32,15,8443,15606,54.0,81,12.1,14,17848,57
45063,SC,2021,203092.163,Lexington,16,4.0,4.7,19,32,24,20,50057,76722,65.0,322,10.9,12,83972,70
45077,SC,2021,220245.8022,Pickens,18,4.2,5.0,20,30,22,18,17610,27882,63.0,166,13.3,16,32153,65
47001,TN,2021,211650.2353,Anderson,21,4.7,5.3,24,34,28,15,10306,17888,58.0,119,15.6,13,20746,22
47003,TN,2021,241519.7528,Bedford,25,5.3,5.5,26,34,32,16,5408,12394,44.0,39,8.0,16,11673,5
47007,TN,2021,170388.2419,Bledsoe,27,5.7,5.8,28,37,31,16,1493,4003,37.0,6,4.1,14,3612,63
47009,TN,2021,268373.7082,Blount,20,4.7,5.3,22,36,25,17,17639,30202,58.0,137,10.4,12,38128,8
47011,TN,2021,226808.7573,Bradley,22,5.0,5.4,25,37,30,16,15187,26465,57.0,147,13.8,14,26342,36
47013,TN,2021,163781.6689,Campbell,27,5.7,6.1,29,31,31,15,4009,9352,43.0,39,9.9,11,11026,50
47017,TN,2021,128002.633,Carroll,25,5.3,5.7,26,34,33,15,3219,6035,53.0,33,11.8,14,8012,1
47019,TN,2021,164029.0277,Carter,26,5.6,5.8,28,38,30,16,7084,13491,53.0,78,13.8,15,16838,1
47021,TN,2021,306512.7206,Cheatham,20,4.7,5.3,24,30,19,18,5920,10355,57.0,31,7.7,13,11612,31
47023,TN,2021,145015.0475,Chester,22,5.1,5.7,25,35,26,17,2209,3869,57.0,16,9.3,12,4672,83
47027,TN,2021,152119.817,Clay,28,6.1,6.2,31,32,32,15,620,1539,40.0,4,5.2,12,2380,63
47029,TN,2021,181347.4966,Cocke,27,6.0,6.2,31,41,32,15,2902,7899,37.0,36,10.1,13,9431,37
47031,TN,2021,218069.4521,Coffee,22,5.0,5.5,25,31,34,16,6239,13459,46.0,57,10.2,13,14747,53
47033,TN,2021,139592.8646,Crockett,27,5.6,5.8,27,46,39,16,1583,3388,47.0,26,18.1,14,3930,75
47035,TN,2021,218839.8341,Cumberland,22,5.0,5.5,27,35,30,17,5138,11311,45.0,55,9.2,12,20011,83
47037,TN,2021,344316.1625,Davidson,19,4.4,5.0,20,29,23,17,168096,231542,73.0,928,13.4,17,153439,74
47039,TN,2021,130897.1306,Decatur,24,5.5,5.8,28,34,35,16,1345,2393,56.0,8,6.8,13,3596,5
47041,TN,2021,225459.9733,DeKalb,24,5.3,5.6,26,35,28,16,1911,4895,39.0,17,8.4,12,5266,83
47043,TN,2021,279179.1377,Dickson,22,5.0,5.5,25,28,22,16,6683,13505,49.0,44,8.2,13,14412,31
47045,TN,2021,137831.5405,Dyer,24,5.3,5.6,27,38,38,17,4606,9098,51.0,44,11.8,12,9300,53
47047,TN,2021,301591.8074,Fayette,21,4.8,5.1,23,44,31,16,5260,9043,58.0,39,9.6,11,12464,62
47049,TN,2021,172486.9463,Fentress,27,5.8,6.0,30,31,27,15,1817,3869,47.0,12,6.6,12,5592,50
47051,TN,2021,236520.7642,Franklin,21,4.8,5.2,25,33,25,17,4767,9187,52.0,46,11.0,11,12160,83
47053,TN,2021,135155.3275,Gibson,24,5.0,5.3,26,41,32,15,6767,11824,57.0,82,16.7,13,13187,36
47055,TN,2021,188083.3108,Giles,23,5.1,5.4,25,33,40,16,2916,6329,46.0,28,9.5,11,8285,53
47057,TN,2021,213730.1527,Grainger,25,5.5,5.8,28,29,38,16,2042,5090,40.0,17,7.3,11,7087,5
47059,TN,2021,175056.1796,Greene,25,5.4,5.9,27,38,32,14,7764,15565,50.0,70,10.1,12,20270,1
47061,TN,2021,152860.8553,Grundy,28,6.0,6.3,31,33,22,15,1238,3057,40.0,9,6.7,14,3760,63
47063,TN,2021,187750.3236,Hamblen,25,5.4,5.7,27,35,36,14,6623,15156,44.0,85,13.2,15,16349,1
47065,TN,2021,263730.3179,Hamilton,20,4.7,5.3,20,31,24,17,66094,96685,68.0,507,13.9,13,92887,8
47067,TN,2021,142152.6166,Hancock,28,5.9,6.2,31,29,23,16,547,1498,37.0,0,0.0,12,2184,63
47069,TN,2021,115734.9401,Hardeman,30,5.9,5.8,30,35,33,14,2066,6913,30.0,32,12.7,14,6332,37
47071,TN,2021,151752.1214,Hardin,25,5.4,5.7,29,35,37,16,2789,5549,50.0,31,12.0,13,7349,1
47073,TN,2021,165453.9086,Hawkins,24,5.4,5.7,28,32,35,15,5939,12691,47.0,45,8.0,14,17010,5
47075,TN,2021,128054.9694,Haywood,29,5.5,5.6,27,47,31,13,1761,4057,43.0,37,21.3,15,4177,75
47077,TN,2021,159509.0793,Henderson,24,5.4,5.7,28,38,34,16,2817,6621,43.0,18,6.5,12,7793,5
47079,TN,2021,151174.3639,Henry,24,5.4,5.7,27,34,34,16,3140,6939,45.0,50,15.5,11,10211,1
47081,TN,2021,161078.5502,Hickman,24,5.3,5.8,27,38,26,17,2256,6307,36.0,9,3.6,15,6936,63
47083,TN,2021,167043.8883,Houston,25,5.5,5.9,29,25,29,16,679,1796,38.0,10,12.1,11,2201,50
47085,TN,2021,187371.8805,Humphreys,23,5.2,5.6,27,36,33,17,1760,4259,41.0,22,11.9,11,5261,53
47087,TN,2021,174115.2622,Jackson,25,5.6,5.9,29,37,36,15,990,2572,38.0,3,2.6,13,3519,63
47089,TN,2021,234712.1329,Jefferson,23,5.3,5.6,25,42,28,17,6167,11947,52.0,58,10.7,12,15164,20
47091,TN,2021,171721.4223,Johnson,27,5.7,6.0,30,30,26,16,1609,4377,37.0,25,14.1,13,5136,17
47093,TN,2021,245538.4027,Knox,19,4.3,5.2,19,29,22,19,87109,120186,72.0,564,12.1,13,120390,70
47095,TN,2021,79154.99272,Lake,30,6.0,5.8,31,35,32,15,699,2350,30.0,7,9.4,13,1227,37
47097,TN,2021,112125.5937,Lauderdale,30,6.2,5.9,30,47,36,14,2441,7079,34.0,15,5.8,19,5428,37
47099,TN,2021,185934.7986,Lawrence,25,5.5,5.8,28,37,42,16,4637,10095,46.0,48,11.0,14,12025,5
47101,TN,2021,178271.7518,Lewis,25,5.4,5.9,28,43,31,16,1180,2718,43.0,12,9.9,8,3676,20
47103,TN,2021,195731.0559,Lincoln,23,5.1,5.6,27,35,35,17,3329,7669,43.0,21,6.2,14,10170,5
47105,TN,2021,308111.0847,Loudon,20,4.7,5.2,22,25,26,18,5181,10411,50.0,69,13.0,12,16076,79
47111,TN,2021,203494.0565,Marion,24,5.4,5.7,27,33,34,17,3599,6624,54.0,20,7.0,13,8602,5
47113,TN,2021,177938.2648,Marshall,23,5.1,5.4,25,43,30,16,3712,8546,43.0,24,7.1,13,8843,20
47115,TN,2021,180724.3971,Maury,21,4.6,5.2,22,32,32,16,14893,24354,61.0,103,10.9,13,24236,8
47117,TN,2021,260111.7623,McMinn,24,5.2,5.6,26,36,35,15,5946,12492,48.0,73,13.7,15,15283,1
47119,TN,2021,303425.2893,McNairy,27,5.8,6.1,29,32,38,16,2749,5831,47.0,27,10.5,12,7286,50
47109,TN,2021,129557.5648,Madison,24,4.9,5.3,23,40,31,14,13376,23340,57.0,152,15.6,17,23651,36
47121,TN,2021,219140.2946,Meigs,24,5.3,5.6,27,31,35,17,1106,2646,42.0,14,11.4,13,3887,5
47125,TN,2021,240082.2289,Montgomery,21,4.7,5.0,22,36,26,16,45763,64819,71.0,142,6.9,14,43243,8
47127,TN,2021,262662.9009,Moore,21,4.8,5.4,25,29,21,17,791,1398,57.0,4,6.2,11,2198,31
47129,TN,2021,158381.3846,Morgan,28,5.9,6.0,31,38,32,16,1756,5664,31.0,18,8.3,14,6223,37
47131,TN,2021,117593.8689,Obion,27,5.7,6.1,28,39,40,15,3239,6988,46.0,44,14.5,13,8254,1
47133,TN,2021,189689.7594,Overton,25,5.6,5.7,29,36,30,16,1982,4968,40.0,17,7.7,10,7289,50
47135,TN,2021,136927.4659,Perry,29,6.1,6.2,31,29,27,15,640,1749,37.0,4,5.0,14,2533,63
47137,TN,2021,188706.3221,Pickett,25,5.5,5.9,29,31,32,16,496,1035,48.0,4,7.9,6,1864,50
47139,TN,2021,187022.6237,Polk,25,5.5,5.7,27,40,34,16,1623,3698,44.0,23,13.6,13,5443,1
47141,TN,2021,232303.664,Putnam,23,5.0,5.3,25,28,25,16,10699,18726,57.0,86,10.9,16,19317,79
47143,TN,2021,195288.586,Rhea,26,5.6,5.8,28,40,28,15,3607,7566,48.0,37,11.2,11,8672,1
47145,TN,2021,213918.0182,Roane,21,4.9,5.3,24,37,23,17,6114,11336,54.0,64,12.0,12,16143,62
47147,TN,2021,292320.267,Robertson,20,4.6,5.2,24,38,31,17,10138,18154,56.0,72,10.1,13,19022,62
47149,TN,2021,321746.3562,Rutherford,19,4.4,5.3,20,33,23,17,62626,91206,69.0,229,7.0,13,72860,70
47151,TN,2021,147448.6905,Scott,27,6.0,6.2,30,40,34,15,2291,5488,42.0,14,6.4,13,6061,56
47153,TN,2021,207056.6327,Sequatchie,23,5.2,5.7,26,37,25,16,1712,3534,48.0,7,4.7,12,4132,31
47155,TN,2021,333928.5807,Sevier,23,5.2,5.6,25,44,37,16,11897,23229,51.0,93,9.5,14,25815,20
47157,TN,2021,185386.2636,Shelby,23,4.7,5.1,21,35,27,15,159555,254694,63.0,858,9.2,19,193347,74
47159,TN,2021,247346.9857,Smith,24,5.2,5.7,27,32,26,17,2088,4623,45.0,10,5.0,11,5618,31
47161,TN,2021,190674.3124,Stewart,22,5.0,5.5,26,29,22,17,1665,3022,55.0,12,8.8,12,3884,31
47163,TN,2021,178331.596,Sullivan,22,5.1,5.7,25,33,31,15,21406,35678,60.0,220,14.0,12,47784,22
47165,TN,2021,346304.9692,Sumner,18,4.4,5.0,21,27,32,18,30755,47148,65.0,156,8.3,12,49394,72
47167,TN,2021,206958.6864,Tipton,22,4.9,5.4,25,37,32,16,9225,15586,59.0,56,9.1,11,15305,62
47169,TN,2021,259404.6481,Trousdale,25,5.2,5.5,27,25,22,17,1686,3363,50.0,5,4.5,13,2514,31
47171,TN,2021,173395.012,Unicoi,25,5.5,5.7,27,27,22,16,2291,4062,56.0,25,14.1,12,5508,83
47173,TN,2021,209055.8808,Union,27,5.9,6.1,30,34,29,15,1833,4612,40.0,6,3.0,13,5584,63
47175,TN,2021,168439.9087,Van Buren,27,5.9,6.1,30,33,27,16,378,1237,31.0,0,0.0,10,1744,63
47177,TN,2021,186626.933,Warren,27,5.7,6.0,28,35,34,15,4370,10033,44.0,46,11.3,11,10926,50
47179,TN,2021,213246.8496,Washington,20,4.7,5.2,22,34,26,16,21149,31023,68.0,171,13.3,13,34682,8
47181,TN,2021,133517.766,Wayne,26,5.5,5.6,29,34,40,16,1896,4516,42.0,12,7.2,12,4463,5
47183,TN,2021,132564.024,Weakley,24,5.3,5.6,26,40,33,16,3979,7140,56.0,51,15.3,11,8904,1
47185,TN,2021,204004.2141,White,26,5.7,5.8,28,37,24,16,2953,6093,48.0,24,8.9,11,8039,50
47187,TN,2021,653724.0122,Williamson,12,3.3,4.0,14,23,18,18,46089,53596,86.0,295,12.7,10,62713,41
47189,TN,2021,375476.8012,Wilson,17,4.1,4.9,20,34,22,18,24492,34818,70.0,137,9.7,12,38156,70
48005,TX,2021,167686.41,Angelina,25,5.1,5.1,20,40,33,17,11987,21861,55.0,95,10.9,17,20531,45
48021,TX,2021,317628.7829,Bastrop,22,4.2,4.4,18,42,27,21,9901,19934,50.0,58,6.7,17,19862,69
48029,TX,2021,228730.8532,Bexar,22,4.1,4.2,15,30,21,17,361183,574797,63.0,1129,5.7,18,372372,13
48039,TX,2021,276286.0853,Brazoria,18,3.5,4.1,15,32,32,19,70343,103449,68.0,237,6.4,13,87645,54
48085,TX,2021,399421.9516,Collin,14,3.1,3.4,12,25,20,19,224208,279882,80.0,645,6.4,13,221828,84
48113,TX,2021,256861.1612,Dallas,23,4.1,4.4,16,31,23,18,461030,788028,59.0,1942,7.4,21,464220,61
48121,TX,2021,367667.3528,Denton,14,3.4,3.9,13,32,21,21,195153,252810,77.0,481,5.6,14,188842,84
48141,TX,2021,164879.7522,Ellis,18,3.6,4.0,17,38,26,19,27970,45196,62.0,157,8.7,14,42622,54
48157,TX,2021,309034.5722,Fort Bend,15,3.0,3.4,12,26,18,18,161498,210663,77.0,374,4.7,14,183583,84
48183,TX,2021,176450.5339,Gregg,23,4.6,4.7,20,34,23,17,17774,31784,56.0,176,14.2,17,26886,40
48201,TX,2021,234416.3169,Harris,22,4.1,4.0,16,30,22,16,864078,1415905,61.0,2556,5.4,20,876454,12
48221,TX,2021,316053.9967,Hood,17,4.0,4.4,18,33,25,22,6703,11764,57.0,59,9.7,13,17134,15
48303,TX,2021,178451.7282,Lubbock,21,4.2,4.4,17,31,22,18,53520,80311,67.0,270,8.8,19,62673,44
48339,TX,2021,295680.0627,Montgomery,16,3.5,3.8,16,29,18,20,99190,151276,66.0,341,5.8,14,141137,18
48439,TX,2021,268739.7316,Tarrant,21,4.3,4.4,15,31,23,18,373256,586762,64.0,1425,6.8,17,428630,61
48453,TX,2021,493126.8171,Travis,16,3.5,4.1,13,23,15,22,329136,441963,74.0,1150,9.2,19,247351,23
49011,UT,2021,459556.3543,Davis,12,3.6,3.8,8,27,16,10,75054,99617,75.0,79,2.2,10,80518,48
49035,UT,2021,480110.9599,Salt Lake,16,3.8,4.1,11,26,17,14,244357,352607,69.0,508,4.4,14,251555,52
49049,UT,2021,469241.7352,Utah,13,3.8,3.9,7,26,15,6,130000,162862,80.0,113,1.8,15,112291,48
49057,UT,2021,384492.0181,Weber,16,3.9,4.2,12,32,19,12,44125,72998,60.0,88,3.4,12,61395,48
51003,VA,2021,420172.9547,Albemarle,14,3.5,4.0,14,23,15,20,20664,26262,79.0,114,10.5,13,26265,81
51013,VA,2021,742060.5794,Appomattox,20,4.5,4.7,22,41,30,18,2269,3515,65.0,24,15.2,11,4737,80
51019,VA,2021,267809.4117,Bath,22,4.9,5.2,25,26,25,18,560,869,64.0,5,11.6,12,1357,79
51550,VA,2021,324021.6147,Prince George,18,3.9,4.0,18,33,29,17,7289,11622,63.0,26,6.8,14,7774,54
51041,VA,2021,306302.2088,Carroll,21,4.7,5.1,24,34,26,18,3518,6312,56.0,35,11.8,11,9674,11
51043,VA,2021,446638.401,Charles City,23,4.7,4.9,23,39,35,17,673,1346,50.0,12,17.3,12,2430,22
51590,VA,2021,84643.82259,Radford City,21,4.8,5.0,22,33,20,17,2637,3282,80.0,24,13.1,21,2596,44
51600,VA,2021,623719.2589,Richmond,24,4.8,4.8,23,33,30,19,1123,2228,50.0,17,18.8,17,2146,40
51059,VA,2021,635303.2818,Covington City,21,4.6,4.9,23,24,21,18,684,1393,49.0,22,40.3,18,1775,71
51610,VA,2021,967269.0337,Richmond City,23,4.6,5.0,20,31,23,18,52157,75331,69.0,334,14.6,23,38494,78
51061,VA,2021,501821.5277,Craig,16,3.9,4.4,20,27,33,20,603,1155,52.0,3,5.9,4,1756,58
51630,VA,2021,388201.4823,Roanoke City,22,4.6,4.9,22,36,27,17,15854,28005,57.0,168,16.8,19,21479,40
51650,VA,2021,206111.8497,Rockingham,18,4.0,4.5,19,32,26,20,10270,18180,56.0,112,13.8,11,23080,65
51085,VA,2021,339532.0402,Floyd,19,4.3,4.8,21,29,21,20,1761,3379,52.0,21,13.3,9,5267,65
51087,VA,2021,298765.3324,Fluvanna,15,3.6,4.1,16,38,26,19,4436,6559,68.0,18,6.7,14,8432,54
51670,VA,2021,148104.4376,Salem City,16,3.9,4.5,19,31,30,19,3544,5606,63.0,39,15.2,12,6302,7
51093,VA,2021,316810.8988,Frederick,16,3.8,4.2,18,33,22,20,13268,21089,63.0,74,8.4,11,24450,32
51095,VA,2021,366168.4646,Fredericksburg City,18,3.9,4.6,17,32,25,19,5562,8368,66.0,39,13.4,20,3817,26
51099,VA,2021,371078.7339,Giles,18,4.5,4.8,22,31,29,19,2299,3765,61.0,19,11.3,9,5187,72
51105,VA,2021,84449.2946,Grayson,23,4.9,5.2,25,33,29,18,1594,3446,46.0,11,7.0,12,5282,31
51107,VA,2021,636029.247,Greene,18,4.2,4.7,20,31,21,19,3031,4926,62.0,6,3.0,11,5857,58
51680,VA,2021,179168.5336,Shenandoah,19,4.3,4.6,21,33,25,19,5243,9553,55.0,59,13.6,13,12344,65
51113,VA,2021,309838.5007,Hampton City,19,4.1,4.4,19,37,24,17,24789,36295,68.0,128,9.5,20,30123,44
51685,VA,2021,365048.7136,Southampton,20,4.3,4.6,22,47,34,19,2397,3775,63.0,20,11.4,11,4910,80
51690,VA,2021,75852.41031,Spotsylvania,16,3.6,4.2,17,34,24,19,22088,33618,66.0,94,7.0,13,34700,54
51119,VA,2021,306432.3821,Henrico,15,3.6,4.2,16,33,23,19,68447,90799,75.0,413,12.5,15,80489,0
51121,VA,2021,270426.7725,Henry,26,5.3,5.3,25,37,30,16,5815,10573,55.0,76,14.9,12,15262,36
51125,VA,2021,269549.22,Highland,19,4.3,4.7,22,25,23,19,196,334,59.0,0,0.0,9,894,58
51700,VA,2021,216626.2312,Stafford,14,3.2,3.6,14,32,16,19,28441,39859,71.0,85,5.7,10,36427,68
51710,VA,2021,246356.002,Staunton City,17,4.0,4.5,19,22,24,18,4114,6183,67.0,59,23.7,15,6072,51
51139,VA,2021,216126.6721,King William,17,4.0,4.6,20,35,39,20,2801,4222,66.0,11,6.5,12,5310,15
51730,VA,2021,107159.5034,Surry,22,4.5,4.7,22,33,17,17,648,1320,49.0,10,15.4,10,2028,65
51735,VA,2021,370098.3273,Sussex,26,4.8,4.8,25,39,25,16,1279,3288,39.0,18,16.0,13,2624,36
51740,VA,2021,200624.3839,Tazewell,21,5.0,5.1,26,37,38,18,5151,9537,54.0,49,12.0,10,12320,53
51149,VA,2021,258106.5461,Louisa,19,4.4,4.7,21,36,24,19,4702,8276,57.0,35,9.5,12,11103,15
51153,VA,2021,468453.7751,Lunenburg,26,5.0,5.1,25,46,28,16,1185,2810,42.0,16,13.2,13,3082,20
51760,VA,2021,278647.6772,Warren,18,4.1,4.7,21,35,31,20,5076,9321,54.0,46,11.5,12,11243,15
51171,VA,2021,253162.7004,Montgomery,17,4.1,4.4,18,29,19,18,18236,23839,76.0,111,11.2,18,19758,26
51173,VA,2021,118701.9386,Nelson,18,4.1,4.6,20,31,25,20,1413,2707,52.0,15,10.1,15,4904,47
51175,VA,2021,194869.4417,New Kent,15,3.6,4.2,18,34,25,20,3050,5420,56.0,20,8.9,14,6886,15
51810,VA,2021,330576.8615,Winchester City,19,4.2,4.5,19,30,21,19,4377,6943,63.0,51,18.1,17,4642,65
50001,VT,2021,360461.8953,Addison,12,3.4,4.3,14,26,20,22,5216,7596,69.0,38,10.3,15,11084,25
50003,VT,2021,297039.0179,Bennington,14,3.8,4.7,17,30,20,20,4322,6882,63.0,49,13.8,15,10794,25
50005,VT,2021,224038.923,Caledonia,15,3.9,4.7,19,30,23,22,3895,6584,59.0,39,12.9,15,9086,2
50007,VT,2021,407848.7983,Chittenden,11,3.7,4.0,13,22,14,19,33622,41573,81.0,199,12.1,18,41263,81
50011,VT,2021,282870.1327,Franklin,14,3.8,4.3,17,35,26,19,7463,12312,61.0,44,8.9,15,13998,15
50015,VT,2021,397535.0389,Lamoille,14,3.8,4.6,17,24,19,23,4541,6431,71.0,21,8.3,19,7715,26
50017,VT,2021,281101.8653,Orange,14,3.9,4.6,17,29,18,20,3682,6292,59.0,29,10.0,16,9882,25
50021,VT,2021,246476.742,Rutland,14,4.2,4.7,18,33,22,21,7674,12207,63.0,72,12.3,19,18100,26
50023,VT,2021,311958.6499,Washington,12,3.6,4.4,15,22,16,24,9423,13469,70.0,127,21.8,16,17489,14
50025,VT,2021,307047.878,Windham,14,3.9,4.8,17,25,17,21,5538,9190,60.0,61,14.3,20,12742,26
50027,VT,2021,336975.6288,Windsor,13,3.7,4.5,16,28,17,23,8333,11942,70.0,78,14.1,16,17927,25
53011,WA,2021,456557.7126,Clark,16,4.0,4.2,14,32,16,19,85129,125351,68.0,333,6.9,15,116975,18
53021,WA,2021,341844.4476,Franklin,24,4.6,4.2,15,31,17,17,13151,26745,49.0,46,4.9,21,18295,73
53033,WA,2021,737246.8167,King,12,3.2,3.8,11,23,13,19,590038,723847,82.0,1963,8.8,18,502293,24
53035,WA,2021,508608.8538,Kitsap,15,4.1,4.1,14,30,17,19,49699,69239,72.0,220,8.2,15,70456,18
53053,WA,2021,482498.8041,Pierce,17,4.3,4.2,14,32,18,18,163092,250575,65.0,622,7.0,17,200836,52
53057,WA,2021,494574.9135,Skagit,16,4.1,4.5,16,30,17,19,18402,30375,61.0,131,10.2,20,33255,78
53059,WA,2021,469671.3523,Skamania,17,4.3,4.4,17,35,19,19,1518,2615,58.0,4,3.4,17,3588,69
53061,WA,2021,611824.1909,Snohomish,15,3.9,4.1,13,30,17,17,162395,230497,70.0,573,7.0,16,197136,52
53063,WA,2021,359585.3769,Spokane,16,4.4,4.6,16,29,18,20,97429,136904,71.0,479,9.3,16,126536,4
53065,WA,2021,322199.6278,Stevens,19,4.9,4.8,19,30,23,19,4481,8582,52.0,39,8.6,14,13715,69
53067,WA,2021,446652.0912,Thurston,15,3.8,4.1,13,30,14,17,56028,77589,72.0,272,9.5,16,71908,18
53071,WA,2021,346045.0873,Walla Walla,18,4.1,4.4,14,29,16,18,9864,14361,69.0,49,8.0,17,14677,18
53073,WA,2021,519774.3917,Whatcom,15,4.2,4.5,14,28,13,20,40098,55624,72.0,242,10.7,21,53580,78
53077,WA,2021,298215.6798,Yakima,26,5.2,4.4,16,34,21,16,27469,62845,44.0,195,7.8,21,52062,73
55021,WI,2021,269082.9902,Columbia,14,3.8,3.9,19,46,25,28,8936,13767,65.0,75,13.1,12,17933,39
55025,WI,2021,345185.1191,Dane,12,3.3,3.6,14,23,14,28,129672,154393,84.0,687,12.7,16,129740,9
55059,WI,2021,240654.0283,Kenosha,16,4.0,4.2,19,31,21,26,27889,42778,65.0,132,7.8,16,42370,2
55071,WI,2021,177884.0363,Manitowoc,15,3.8,4.1,20,36,20,28,10946,17427,63.0,78,9.9,10,26046,39
55079,WI,2021,207138.2582,Milwaukee,20,4.9,4.7,20,32,23,23,182732,276685,66.0,815,8.6,21,189054,35
55127,WI,2021,299716.1016,Walworth,15,3.8,4.0,19,34,23,29,13980,22118,63.0,112,10.8,17,28044,39
55133,WI,2021,368658.3114,Waukesha,11,2.9,3.5,15,27,17,29,74254,90659,82.0,447,11.1,11,121146,9
54001,WV,2021,116527.6555,Barbour,26,5.7,6.2,27,40,31,15,1498,3565,42.0,9,5.4,9,4556,63
54037,WV,2021,313044.1174,Jefferson,19,4.3,5.2,21,34,21,17,8853,13656,65.0,51,9.0,12,15968,72
54039,WV,2021,117430.2496,Kanawha,22,5.0,5.8,25,38,26,15,27039,44673,61.0,326,18.1,11,54611,22
54045,WV,2021,82640.87235,Logan,30,6.4,6.5,29,43,39,14,3624,8160,44.0,21,6.4,12,10037,56
54055,WV,2021,99091.81499,Mercer,27,5.9,6.2,26,40,32,12,7223,13755,53.0,79,13.4,13,17529,1
54057,WV,2021,153636.7396,Mineral,22,5.1,6.1,25,36,26,15,3240,5945,54.0,36,13.4,7,8299,83
54061,WV,2021,231767.3322,Monongalia,20,4.6,5.4,21,30,19,17,22403,30605,73.0,104,9.8,18,22404,44
54063,WV,2021,132558.3782,Monroe,25,5.6,6.0,28,32,28,15,1206,2867,42.0,11,8.3,10,4499,50
54069,WV,2021,137861.6682,Ohio,20,4.6,5.4,22,32,24,16,6573,9425,70.0,84,20.1,10,12002,33
54073,WV,2021,142735.826,Pleasants,24,5.3,5.9,27,31,23,15,798,1810,44.0,11,14.7,10,2339,83
54077,WV,2021,145497.4806,Preston,24,5.4,5.7,25,37,31,15,4183,8792,48.0,28,8.3,10,10301,83
54081,WV,2021,109056.7037,Raleigh,24,5.3,5.9,27,38,30,14,10320,18924,55.0,75,10.1,10,22893,1
54099,WV,2021,119074.5117,Wayne,27,6.2,6.6,29,43,34,13,4924,9285,53.0,29,7.3,11,11110,56
54107,WV,2021,138358.7551,Wood,23,5.2,5.7,25,40,31,15,12311,19692,63.0,151,17.9,10,25366,22
